timestamp,eci,pci,earfcn,tac,mcc,mnc,rsrp,rsrq,rssnr,cqi,latitude,longitude,altitude,gps_accuracy,speed,bearing,distance_from_bs
1788411509528,4097097730,199,504990,2097215,460,0,-81,-12,13,-1,39.89498583,116.34437587,40.51959228515625,3.7900925,0.9,70.0,
1788411509240,4097097730,199,504990,2097215,460,0,-81,-12,13,-1,39.89498583,116.34437587,40.51959228515625,3.7900925,0.9,70.0,
1788411507852,4097097730,199,504990,2097215,460,0,-81,-12,13,-1,39.89498213,116.34436303,40.23455810546875,3.7900925,1.18,56.5,
1788411507523,4097097730,199,504990,2097215,460,0,-76,-11,13,-1,39.89497599,116.34434929,40.36151123046875,3.7900925,1.21,63.9,
1788411505517,4097097730,199,504990,2097215,460,0,-76,-11,13,-1,39.89496562,116.34430796,41.4029541015625,3.7900925,1.37,88.1,
1788411505033,4097097730,199,504990,2097215,460,0,-76,-11,13,-1,39.89496562,116.34430796,41.4029541015625,3.7900925,1.37,88.1,
1788411503149,4097097730,199,504990,2097215,460,0,-68,-11,18,-1,39.89496006,116.34425942,44.00115966796875,3.7900925,1.16,78.1,
1788411500863,4097097730,199,504990,2097215,460,0,-68,-11,18,-1,39.89495526,116.34422964,44.16265869140625,3.7900925,1.2,73.7,
1788411498855,4097097730,199,504990,2097215,460,0,-68,-11,18,-1,39.89494739,116.34419152,43.136474609375,3.7900925,1.16,72.0,
1788411496638,4097097730,199,504990,2097215,460,0,-68,-11,18,-1,39.89494374,116.3441663,42.94989013671875,3.7900925,1.23,66.3,
1788411494827,4097097730,199,504990,2097215,460,0,-68,-11,18,-1,39.89494027,116.34415384,42.93634033203125,3.7900925,1.17,62.4,
1788411494481,4097097730,199,504990,2097215,460,0,-53,-11,26,-1,39.89493521,116.34414275,43.15435791015625,3.7900925,1.22,53.2,
1788411492469,4097097730,199,504990,2097215,460,0,-53,-11,26,-1,39.89492481,116.34411966,42.78155517578125,3.7900925,1.22,73.2,
1788411490455,4097097730,199,504990,2097215,460,0,-53,-11,26,-1,39.89491691,116.34409406,41.207763671875,3.7900925,1.34,86.5,
1788411488415,4097097730,199,504990,2097215,460,0,-53,-11,26,-1,39.89491061,116.34406237,40.9114990234375,3.7900925,1.36,89.5,
1788411485936,4097097730,199,504990,2097215,460,0,-53,-11,26,-1,39.89490454,116.34402677,41.7520751953125,3.7900925,1.18,92.8,
1788411484037,4097097730,199,504990,2097215,460,0,-53,-11,26,-1,39.89490384,116.34401393,42.21734619140625,3.7900925,1.24,89.1,
1788411483676,4097097730,199,504990,2097215,460,0,-70,-11,23,-1,39.89490127,116.34400254,42.1927490234375,3.7900925,1.36,70.8,
1788411481567,4097097730,199,504990,2097215,460,0,-70,-11,23,-1,39.89488384,116.34398346,42.38861083984375,3.7900925,1.14,353.6,
1788411478734,4097097730,199,504990,2097215,460,0,-70,-11,23,-1,39.89485241,116.34399154,41.93408203125,3.7900925,1.12,354.9,
1788411475836,4097097730,199,504990,2097215,460,0,-70,-11,23,-1,39.89483235,116.34399147,41.48529052734375,3.7900925,1.1,10.3,
1788411474037,4097097730,199,504990,2097215,460,0,-70,-11,23,-1,39.8948136,116.34398821,41.886962890625,3.7900925,1.1,355.4,
1788411473019,4097097730,199,504990,2097215,460,0,-76,-11,16,-1,39.89480475,116.34399009,41.94171142578125,3.7900925,1.13,355.4,
1788411471008,4097097730,199,504990,2097215,460,0,-76,-11,16,-1,39.89478419,116.34398793,41.4248046875,3.7900925,1.1,3.4,
1788411468996,4097097730,199,504990,2097215,460,0,-76,-11,16,-1,39.89476137,116.34398823,41.26092529296875,3.7900925,1.07,358.6,
1788411466980,4097097730,199,504990,2097215,460,0,-76,-11,16,-1,39.89473957,116.34398852,41.25836181640625,3.7900925,1.1,2.1,
1788411464969,4097097730,199,504990,2097215,460,0,-76,-11,16,-1,39.89471986,116.34398434,40.88262939453125,3.7900925,1.11,356.5,
1788411463830,4097097730,199,504990,2097215,460,0,-76,-11,16,-1,39.89470977,116.34398395,40.78485107421875,3.7900925,1.14,1.7,
1788411462957,4097097730,199,504990,2097215,460,0,-79,-11,15,-1,39.89469838,116.34398145,41.4896240234375,3.7900925,1.1,15.2,
1788411460923,4097097730,199,504990,2097215,460,0,-79,-11,15,-1,39.89467636,116.34397143,41.43182373046875,3.7900925,1.08,3.3,
1788411458846,4097097730,199,504990,2097215,460,0,-79,-11,15,-1,39.89465405,116.34396391,42.05303955078125,3.7900925,1.09,9.3,
1788411456648,4097097730,199,504990,2097215,460,0,-79,-11,15,-1,39.89462305,116.3439552,42.08746337890625,3.7900925,1.08,8.3,
1788411454265,4097097730,199,504990,2097215,460,0,-79,-11,15,-1,39.89460191,116.34394485,42.5732421875,3.7900925,1.09,11.9,
1788411453052,4097097730,199,504990,2097215,460,0,-79,-11,15,-1,39.8945914,116.34394293,42.4266357421875,3.7900925,1.1,14.1,
1788411452017,4097097730,199,504990,2097215,460,0,-74,-11,18,-1,39.89458103,116.34393914,42.412841796875,3.7900925,1.2,14.3,
1788411449893,4097097730,199,504990,2097215,460,0,-74,-11,18,-1,39.89454413,116.3439256,42.59747314453125,3.7900925,1.14,3.1,
1788411447788,4097097730,199,504990,2097215,460,0,-74,-11,18,-1,39.89452102,116.34392387,42.02001953125,3.7900925,1.17,7.2,
1788411445322,4097097730,199,504990,2097215,460,0,-74,-11,18,-1,39.8944983,116.34392141,41.764404296875,3.7900925,1.1,4.4,
1788411442983,4097097730,199,504990,2097215,460,0,-74,-11,18,-1,39.89447682,116.34391706,41.54095458984375,3.7900925,1.18,0.9,
1788411442829,4097097730,199,504990,2097215,460,0,-74,-11,18,-1,39.89447682,116.34391706,41.54095458984375,3.7900925,1.18,0.9,
1788411440969,4097097730,199,504990,2097215,460,0,-83,-13,3,-1,39.89445371,116.34391767,41.30133056640625,3.7900925,1.1,357.3,
1788411438962,4097097730,199,504990,2097215,460,0,-83,-13,3,-1,39.8944278,116.3439171,41.409423828125,3.7900925,1.11,348.1,
1788411436947,4097097730,199,504990,2097215,460,0,-83,-13,3,-1,39.89440585,116.34392282,41.4202880859375,3.7900925,1.15,348.6,
1788411434635,4097097730,199,504990,2097215,460,0,-83,-13,3,-1,39.89437424,116.34392287,42.0931396484375,3.7900925,1.14,345.1,
1788411432617,4097097730,199,504990,2097215,460,0,-83,-13,3,-1,39.89435152,116.34392763,42.35284423828125,3.7900925,1.13,353.6,
1788411431963,4097097730,199,504990,2097215,460,0,-83,-13,3,-1,39.89435152,116.34392763,42.35284423828125,3.7900925,1.13,353.6,
1788411430603,4097097730,199,504990,2097215,460,0,-87,-15,-1,-1,39.89433034,116.34393149,42.56365966796875,3.7900925,1.11,358.0,
1788411428486,4097097730,199,504990,2097215,460,0,-87,-15,-1,-1,39.89430915,116.34393636,42.44854736328125,3.7900925,1.16,352.8,
1788411426475,4097097730,199,504990,2097215,460,0,-87,-15,-1,-1,39.89428595,116.34393731,42.4991455078125,3.7900925,1.21,359.1,
1788411424450,4097097730,199,504990,2097215,460,0,-87,-15,-1,-1,39.89426204,116.34393498,42.59112548828125,3.7900925,1.15,6.5,
1788411422433,4097097730,199,504990,2097215,460,0,-87,-15,-1,-1,39.89423838,116.34393242,42.3243408203125,3.7900925,1.13,348.6,
1788411421844,4097097730,199,504990,2097215,460,0,-87,-15,-1,-1,39.89423838,116.34393242,42.3243408203125,3.7900925,1.13,348.6,
1788411420412,4097097730,199,504990,2097215,460,0,-80,-12,3,-1,39.89421663,116.34393618,42.1533203125,3.7900925,1.16,344.6,
1788411418397,4097097730,199,504990,2097215,460,0,-80,-12,3,-1,39.89419422,116.34393938,41.9539794921875,3.7900925,1.16,354.4,
1788411416377,4097097730,199,504990,2097215,460,0,-80,-12,3,-1,39.89417103,116.3439379,42.1614990234375,3.7900925,1.19,2.8,
1788411414358,4097097730,199,504990,2097215,460,0,-80,-12,3,-1,39.89414726,116.34393782,42.11737060546875,3.7900925,1.32,2.0,
1788411412343,4097097730,199,504990,2097215,460,0,-80,-12,3,-1,39.89412158,116.34393826,42.12481689453125,3.7900925,1.16,357.2,
1788411411841,4097097730,199,504990,2097215,460,0,-80,-12,3,-1,39.89412158,116.34393826,42.12481689453125,3.7900925,1.16,357.2,
1788411410330,4097097730,199,504990,2097215,460,0,-79,-11,11,-1,39.89409726,116.34393953,42.30401611328125,3.7900925,1.27,1.1,
1788411408312,4097097730,199,504990,2097215,460,0,-79,-11,11,-1,39.89407151,116.34393956,43.1236572265625,3.7900925,1.23,359.5,
1788411406305,4097097730,199,504990,2097215,460,0,-79,-11,11,-1,39.89404793,116.34394092,43.09759521484375,3.7900925,1.24,353.5,
1788411404295,4097097730,199,504990,2097215,460,0,-79,-11,11,-1,39.89402055,116.3439443,42.93310546875,3.7900925,1.22,356.4,
1788411402280,4097097730,199,504990,2097215,460,0,-79,-11,11,-1,39.89399062,116.34394031,43.62359619140625,3.7900925,1.25,355.7,
1788411401839,4097097730,199,504990,2097215,460,0,-79,-11,11,-1,39.89399062,116.34394031,43.62359619140625,3.7900925,1.25,355.7,
1788411400271,4099850241,6,504990,2097215,460,0,-83,-14,0,-1,39.89396722,116.34394162,43.2943115234375,3.7900925,1.14,354.0,
1788411398157,4099850241,6,504990,2097215,460,0,-83,-14,0,-1,39.89394334,116.3439397,43.4090576171875,3.7900925,1.08,345.0,
1788411396141,4099850241,6,504990,2097215,460,0,-83,-14,0,-1,39.89392358,116.3439443,43.03814697265625,3.7900925,1.15,342.3,
1788411393877,4099850241,6,504990,2097215,460,0,-83,-14,0,-1,39.89389461,116.34394335,43.3228759765625,3.7900925,1.09,3.2,
1788411391839,4099850241,6,504990,2097215,460,0,-83,-14,0,-1,39.89388359,116.34394209,43.321044921875,3.7900925,1.11,359.7,
1788411391369,4099850241,6,504990,2097215,460,0,-81,-11,11,-1,39.8938725,116.34394186,43.34912109375,3.7900925,1.04,348.4,
1788411389356,4099850241,6,504990,2097215,460,0,-81,-11,11,-1,39.89384997,116.34393848,43.2003173828125,3.7900925,1.13,330.5,
1788411386063,4099850241,6,504990,2097215,460,0,-81,-11,11,-1,39.89381771,116.34394909,43.08441162109375,3.7900925,1.1,347.8,
1788411384052,4099850241,6,504990,2097215,460,0,-81,-11,11,-1,39.89379574,116.34395199,42.33770751953125,3.7900925,1.1,341.8,
1788411382040,4099850241,6,504990,2097215,460,0,-81,-11,11,-1,39.89377164,116.34395783,42.7099609375,3.7900925,1.11,353.6,
1788411381827,4099850241,6,504990,2097215,460,0,-81,-11,11,-1,39.89377164,116.34395783,42.7099609375,3.7900925,1.11,353.6,
1788411380030,4099850241,6,504990,2097215,460,0,-88,-16,-4,-1,39.89374807,116.34396171,42.75360107421875,3.7900925,1.07,349.3,
1788411378023,4099850241,6,504990,2097215,460,0,-88,-16,-4,-1,39.89372651,116.34396326,41.71502685546875,3.7900925,1.08,352.1,
1788411375959,4099850241,6,504990,2097215,460,0,-88,-16,-4,-1,39.89370402,116.34396635,41.68560791015625,3.7900925,1.25,353.9,
1788411373260,4099850241,6,504990,2097215,460,0,-88,-16,-4,-1,39.89366823,116.34397418,42.00567626953125,3.7900925,1.1,1.4,
1788411371826,4099850241,6,504990,2097215,460,0,-88,-16,-4,-1,39.89365665,116.34397468,42.57861328125,3.7900925,1.08,349.2,
1788411371067,4099850241,6,504990,2097215,460,0,-83,-12,7,-1,39.89364522,116.34397762,42.7808837890625,3.7900925,1.07,352.1,
1788411368652,4099850241,6,504990,2097215,460,0,-83,-12,7,-1,39.89361367,116.34398122,42.9779052734375,3.7900925,1.07,358.8,
1788411366631,4099850241,6,504990,2097215,460,0,-83,-12,7,-1,39.89359339,116.34398086,42.0260009765625,3.7900925,1.1,353.7,
1788411364589,4099850241,6,504990,2097215,460,0,-83,-12,7,-1,39.8935744,116.34397702,41.76507568359375,3.7900925,1.08,8.5,
1788411361794,4099850241,6,504990,2097215,460,0,-83,-12,7,-1,39.89354223,116.34398212,41.70123291015625,3.7900925,1.06,3.0,
1788411361045,4099850241,6,504990,2097215,460,0,-83,-12,7,-1,39.89354223,116.34398212,41.70123291015625,3.7900925,1.06,3.0,
1788411359272,4099850241,6,504990,2097215,460,0,-81,-11,7,-1,39.89351933,116.34398309,41.78009033203125,3.7900925,1.11,358.9,
1788411357257,4099850241,6,504990,2097215,460,0,-81,-11,7,-1,39.89349461,116.34398338,41.2655029296875,3.7900925,1.09,355.1,
1788411355243,4099850241,6,504990,2097215,460,0,-81,-11,7,-1,39.89347337,116.34398187,41.24639892578125,3.7900925,1.14,349.4,
1788411353049,4099850241,6,504990,2097215,460,0,-81,-11,7,-1,39.89345117,116.34398402,42.1044921875,3.7900925,1.15,359.7,
1788411350866,4099850241,6,504990,2097215,460,0,-81,-11,7,-1,39.89343018,116.34398225,42.388916015625,3.7900925,1.12,15.7,
1788411349977,4099850241,6,504990,2097215,460,0,-81,-11,7,-1,39.89341956,116.3439785,42.63922119140625,3.7900925,1.32,25.5,
1788411348556,4099850241,6,504990,2097215,460,0,-84,-12,11,-1,39.89339757,116.34397632,42.432373046875,3.7900925,1.15,330.9,
1788411345435,4099850241,6,504990,2097215,460,0,-84,-12,11,-1,39.89336813,116.34398615,42.29742431640625,3.7900925,1.07,358.0,
1788411342971,4099850241,6,504990,2097215,460,0,-84,-12,11,-1,39.89333265,116.34398823,42.7049560546875,3.7900925,1.09,343.2,
1788411340948,4099850241,6,504990,2097215,460,0,-84,-12,11,-1,39.89331181,116.34399591,42.3448486328125,3.7900925,1.1,356.0,
1788411339034,4099850241,6,504990,2097215,460,0,-84,-12,11,-1,39.8933015,116.34399679,42.3154296875,3.7900925,1.12,349.0,
1788411338215,4099850241,6,504990,2097215,460,0,-79,-11,14,-1,39.89329176,116.34399906,42.32183837890625,3.7900925,0.97,1.5,
1788411335490,4099850241,6,504990,2097215,460,0,-79,-11,14,-1,39.89326276,116.34399927,42.64501953125,3.7900925,1.13,359.7,
1788411333463,4099850241,6,504990,2097215,460,0,-79,-11,14,-1,39.89324423,116.34400002,42.49078369140625,3.7900925,1.06,351.7,
1788411331453,4099850241,6,504990,2097215,460,0,-79,-11,14,-1,39.89322648,116.34400099,42.29534912109375,3.7900925,1.05,359.9,
1788411329034,4099850241,6,504990,2097215,460,0,-79,-11,14,-1,39.8932086,116.34399689,42.4669189453125,3.7900925,0.99,33.4,
1788411328469,4099850241,6,504990,2097215,460,0,-68,-11,19,-1,39.89320266,116.34398796,42.38153076171875,3.7900925,1.27,51.2,
1788411326457,4099850241,6,504990,2097215,460,0,-68,-11,19,-1,39.89318594,116.3439725,42.6298828125,3.7900925,1.11,12.8,
1788411324447,4099850241,6,504990,2097215,460,0,-68,-11,19,-1,39.89316733,116.34396649,42.557373046875,3.7900925,1.15,14.9,
1788411322338,4099850241,6,504990,2097215,460,0,-68,-11,19,-1,39.8931475,116.34396022,42.6484375,3.7900925,1.18,25.4,
1788411320108,4099850241,6,504990,2097215,460,0,-68,-11,19,-1,39.89312782,116.34395062,42.6243896484375,3.7900925,1.18,27.7,
1788411318998,4099850241,6,504990,2097215,460,0,-68,-11,19,-1,39.8931175,116.34394315,42.73284912109375,3.7900925,1.26,31.5,
1788411318096,4099850241,6,504990,2097215,460,0,-75,-11,18,-1,39.89310747,116.34393355,42.8631591796875,3.7900925,1.21,39.3,
1788411315878,4099850241,6,504990,2097215,460,0,-75,-11,18,-1,39.89308624,116.34390278,42.72979736328125,3.7900925,1.18,58.0,
1788411313073,4099850241,6,504990,2097215,460,0,-75,-11,18,-1,39.89307621,116.34388153,42.3770751953125,3.7900925,1.11,67.1,
1788411310923,4099850241,6,504990,2097215,460,0,-75,-11,18,-1,39.89307117,116.34385777,41.97021484375,3.7900925,1.2,74.0,
1788411309007,4099850241,6,504990,2097215,460,0,-75,-11,18,-1,39.8930654,116.3438324,40.90582275390625,3.7900925,1.49,62.7,
1788411308916,4099850241,6,504990,2097215,460,0,-83,-11,8,-1,39.89305913,116.34381625,41.2890625,3.7900925,0.88,49.1,
1788411306828,4099850241,6,504990,2097215,460,0,-83,-11,8,-1,39.89305441,116.34380832,41.33441162109375,3.7900925,0.66,45.4,
1788411303946,4099850241,6,504990,2097215,460,0,-83,-11,8,-1,39.89305055,116.34380225,41.40447998046875,3.7900925,1.31,62.7,
1788411299958,4099850241,6,504990,2097215,460,0,-83,-11,8,-1,39.89305055,116.34380225,41.40447998046875,3.7900925,1.31,62.7,
1788411299001,4099850241,6,504990,2097215,460,0,-83,-11,8,-1,39.89305055,116.34380225,41.40447998046875,3.7900925,1.31,62.7,
1788411296952,4099850241,6,504990,2097215,460,0,-77,-11,18,-1,39.8930357,116.34378623,43.0340576171875,3.7900925,0.75,32.8,
1788411294368,4099850241,6,504990,2097215,460,0,-77,-11,18,-1,39.8930197,116.34377347,43.06658935546875,3.7900925,1.22,4.2,
1788411292252,4099850241,6,504990,2097215,460,0,-77,-11,18,-1,39.89299692,116.34377337,43.37945556640625,3.7900925,1.18,2.6,
1788411289781,4099850241,6,504990,2097215,460,0,-77,-11,18,-1,39.89296662,116.34377362,43.466552734375,3.7900925,1.05,357.2,
1788411288035,4099850241,6,504990,2097215,460,0,-77,-11,18,-1,39.8929568,116.34377314,43.531005859375,3.7900925,1.09,352.3,
1788411287770,5832896513,429,504990,2097215,460,0,-90,-13,3,-1,39.89294697,116.34377235,43.5184326171875,3.7900925,1.1,358.7,
1788411285033,5832896513,429,504990,2097215,460,0,-90,-13,3,-1,39.89292706,116.34376559,43.58856201171875,3.7900925,1.1,359.1,
1788411283012,5832896513,429,504990,2097215,460,0,-90,-13,3,-1,39.89289564,116.34374672,44.3780517578125,3.7900925,1.09,29.5,
1788411280981,5832896513,429,504990,2097215,460,0,-90,-13,3,-1,39.89287672,116.34371703,44.56268310546875,3.7900925,1.18,55.3,
1788411278961,5832896513,429,504990,2097215,460,0,-90,-13,3,-1,39.89286621,116.34368266,44.92864990234375,3.7900925,1.12,85.7,
1788411277961,5832896513,429,504990,2097215,460,0,-90,-13,3,-1,39.89286621,116.34368266,44.92864990234375,3.7900925,1.12,85.7,
1788411276181,4096999427,195,504990,2097215,460,0,-90,-14,-1,-1,39.89286359,116.34365262,45.220947265625,3.7900925,1.1,86.4,
1788411274160,4096999427,195,504990,2097215,460,0,-90,-14,-1,-1,39.89286239,116.34362559,45.00408935546875,3.7900925,1.15,89.6,
1788411272144,4096999427,195,504990,2097215,460,0,-90,-14,-1,-1,39.8928596,116.34359729,44.7813720703125,3.7900925,1.16,75.0,
1788411269967,4096999427,195,504990,2097215,460,0,-90,-14,-1,-1,39.89285027,116.34355638,44.63543701171875,3.7900925,1.19,77.0,
1788411267543,4096999427,195,504990,2097215,460,0,-90,-14,-1,-1,39.8928449,116.34352755,44.681396484375,3.7900925,1.09,74.2,
1788411266842,4096999427,195,504990,2097215,460,0,-90,-14,-1,-1,39.8928449,116.34352755,44.681396484375,3.7900925,1.09,74.2,
1788411265448,4097097730,199,504990,2097215,460,0,-90,-13,10,-1,39.89283808,116.34349868,44.47259521484375,3.7900925,1.14,80.7,
1788411263439,4097097730,199,504990,2097215,460,0,-90,-13,10,-1,39.89283176,116.34346556,44.71685791015625,3.7900925,1.12,90.3,
1788411261109,4097097730,199,504990,2097215,460,0,-90,-13,10,-1,39.89282768,116.34342962,44.66571044921875,4.2494817,1.25,88.9,
1788411259100,4097097730,199,504990,2097215,460,0,-90,-13,10,-1,39.89282398,116.34339798,44.39764404296875,5.444429,1.13,89.3,
1788411256891,4097097730,199,504990,2097215,460,0,-90,-13,10,-1,39.89282349,116.34336014,43.7274169921875,4.9985833,1.06,85.2,
1788411255984,4097097730,199,504990,2097215,460,0,-90,-13,10,-1,39.89282349,116.34336014,43.7274169921875,4.9985833,1.06,85.2,
1788411253952,4096999427,195,504990,2097215,460,0,-92,-14,2,-1,39.89282182,116.34333587,43.232666015625,4.772508,1.08,89.0,
1788411250877,4096999427,195,504990,2097215,460,0,-92,-14,2,-1,39.89282336,116.34329745,42.50286865234375,4.1812735,1.04,95.6,
1788411248866,4096999427,195,504990,2097215,460,0,-92,-14,2,-1,39.89282181,116.34325757,41.87255859375,3.9079387,1.1,89.0,
1788411246772,4096999427,195,504990,2097215,460,0,-92,-14,2,-1,39.89282129,116.34323228,41.5687255859375,3.7900925,1.08,90.0,
1788411244876,4096999427,195,504990,2097215,460,0,-92,-14,2,-1,39.89282078,116.34321933,41.48785400390625,3.7900925,1.1,83.8,
1788411244407,4096999427,195,504990,2097215,460,0,-83,-11,10,-1,39.89281899,116.34320504,41.65533447265625,3.7900925,1.05,87.7,
1788411242393,4096999427,195,504990,2097215,460,0,-83,-11,10,-1,39.8928177,116.34317982,42.029296875,3.7900925,1.05,88.4,
1788411240379,4096999427,195,504990,2097215,460,0,-83,-11,10,-1,39.89281643,116.34315483,42.06561279296875,3.7900925,1.08,80.2,
1788411238356,4096999427,195,504990,2097215,460,0,-83,-11,10,-1,39.89281474,116.34312899,42.10516357421875,3.7900925,1.11,88.5,
1788411236341,4096999427,195,504990,2097215,460,0,-83,-11,10,-1,39.89281267,116.34310325,41.57171630859375,3.7900925,1.09,87.6,
1788411234840,4096999427,195,504990,2097215,460,0,-83,-11,10,-1,39.89281267,116.34309046,41.51898193359375,3.7900925,1.07,88.0,
1788411234323,4096999427,195,504990,2097215,460,0,-92,-12,4,-1,39.8928118,116.34307773,41.2786865234375,3.7900925,1.06,87.2,
1788411232304,4096999427,195,504990,2097215,460,0,-92,-12,4,-1,39.89281095,116.34305059,41.47979736328125,3.7900925,1.07,90.7,
1788411230291,4096999427,195,504990,2097215,460,0,-92,-12,4,-1,39.8928103,116.34302019,41.8587646484375,9.935046,1.1,96.6,
1788411228277,4096999427,195,504990,2097215,460,0,-92,-12,4,-1,39.89280954,116.34298988,42.10357666015625,9.935046,1.07,75.1,
1788411226266,4096999427,195,504990,2097215,460,0,-92,-12,4,-1,39.89280389,116.34296724,42.3106689453125,9.935046,1.07,70.0,
1788411224050,4096999427,195,504990,2097215,460,0,-92,-12,4,-1,39.89279432,116.3429442,43.26080322265625,9.935046,1.09,22.8,
1788411224028,4096999427,195,504990,2097215,460,0,-92,-12,4,-1,39.89279432,116.3429442,43.26080322265625,9.935046,1.09,22.8,
1788411221787,4096999427,195,504990,2097215,460,0,-85,-12,1,-1,39.89276397,116.34292943,43.19329833984375,9.935046,1.01,32.1,
1788411219433,4096999427,195,504990,2097215,460,0,-85,-12,1,-1,39.89274687,116.34291591,42.704345703125,9.935046,1.03,37.9,
1788411217392,4096999427,195,504990,2097215,460,0,-85,-12,1,-1,39.89272637,116.34290715,42.123291015625,9.935046,0.89,2.7,
1788411214675,4096999427,195,504990,2097215,460,0,-85,-12,1,-1,39.89269706,116.342908,41.4117431640625,9.935046,0.98,4.3,
1788411213075,4096999427,195,504990,2097215,460,0,-85,-12,1,-1,39.89268724,116.3429063,41.58135986328125,9.935046,1.0,355.0,
1788411212207,4096999427,195,504990,2097215,460,0,-85,-12,8,-1,39.89267627,116.34290513,41.88653564453125,9.935046,0.98,3.8,
1788411210189,4096999427,195,504990,2097215,460,0,-85,-12,8,-1,39.89265623,116.34290211,42.04925537109375,9.935046,0.96,355.8,
1788411208074,4096999427,195,504990,2097215,460,0,-85,-12,8,-1,39.89263693,116.34290327,42.39208984375,9.935046,0.97,353.0,
1788411206062,4096999427,195,504990,2097215,460,0,-85,-12,8,-1,39.89261727,116.34290751,42.16790771484375,9.935046,0.97,349.4,
1788411204046,4096999427,195,504990,2097215,460,0,-85,-12,8,-1,39.89259696,116.34290879,42.136962890625,9.935046,1.02,341.7,
1788411202020,4096999427,195,504990,2097215,460,0,-85,-12,8,-1,39.89257884,116.34290951,42.162109375,3.7900925,1.07,346.4,
1788411201842,4096999427,195,504990,2097215,460,0,-85,-12,8,-1,39.89257884,116.34290951,42.162109375,3.7900925,1.07,346.4,
1788411200003,5727424513,646,504990,2097215,460,0,-89,-13,-2,-1,39.89255857,116.34290743,42.2979736328125,3.7900925,1.02,353.8,
1788411197983,5727424513,646,504990,2097215,460,0,-89,-13,-2,-1,39.89254039,116.3429023,42.31610107421875,3.7900925,1.06,352.2,
1788411195974,5727424513,646,504990,2097215,460,0,-89,-13,-2,-1,39.89252103,116.34290096,42.7518310546875,3.7900925,0.98,335.0,
1788411193656,5727424513,646,504990,2097215,460,0,-89,-13,-2,-1,39.89249073,116.34290999,42.6756591796875,3.7900925,1.06,344.7,
1788411191839,5727424513,646,504990,2097215,460,0,-89,-13,-2,-1,39.89248163,116.34291529,42.2318115234375,3.7900925,1.01,345.2,
1788411191647,5727424513,646,504990,2097215,460,0,-89,-13,2,-1,39.89247332,116.34291963,42.04541015625,3.7900925,1.01,348.6,
1788411189036,5727424513,646,504990,2097215,460,0,-89,-13,2,-1,39.89245441,116.34292601,42.0220947265625,3.7900925,1.01,343.7,
1788411187020,5727424513,646,504990,2097215,460,0,-89,-13,2,-1,39.89243526,116.34293159,41.74432373046875,3.7900925,1.02,354.7,
1788411184988,5727424513,646,504990,2097215,460,0,-89,-13,2,-1,39.89241595,116.3429416,41.35076904296875,3.7900925,1.03,3.1,
1788411182974,5727424513,646,504990,2097215,460,0,-89,-13,2,-1,39.8923984,116.34294377,40.70404052734375,3.7900925,0.98,349.5,
1788411181837,5727424513,646,504990,2097215,460,0,-89,-13,2,-1,39.89239035,116.34294643,40.6234130859375,3.7900925,0.99,358.3,
1788411180963,5727424513,646,504990,2097215,460,0,-86,-11,11,-1,39.89238084,116.3429474,40.67181396484375,3.7900925,1.01,0.3,
1788411178947,5727424513,646,504990,2097215,460,0,-86,-11,11,-1,39.89236223,116.34294661,40.1807861328125,3.7900925,1.0,4.1,
1788411176541,5727424513,646,504990,2097215,460,0,-86,-11,11,-1,39.892333,116.34294431,40.577880859375,3.7900925,1.02,15.1,
1788411174244,5727424513,646,504990,2097215,460,0,-86,-11,11,-1,39.89231328,116.34293654,40.53399658203125,3.7900925,1.0,3.7,
1788411172228,5727424513,646,504990,2097215,460,0,-86,-11,11,-1,39.89229271,116.34293569,40.40521240234375,3.7900925,1.03,0.2,
1788411171833,5727424513,646,504990,2097215,460,0,-86,-11,11,-1,39.89229271,116.34293569,40.40521240234375,3.7900925,1.03,0.2,
1788411170212,5727424513,646,504990,2097215,460,0,-92,-13,8,-1,39.89227532,116.34293182,40.31732177734375,3.7900925,1.05,12.0,
1788411168194,5727424513,646,504990,2097215,460,0,-92,-13,8,-1,39.89225592,116.34292646,40.47772216796875,3.7900925,1.07,354.7,
1788411166181,5727424513,646,504990,2097215,460,0,-92,-13,8,-1,39.89223969,116.34292613,39.95556640625,3.7900925,1.1,9.0,
1788411164162,5727424513,646,504990,2097215,460,0,-92,-13,8,-1,39.89222111,116.34292183,40.2266845703125,3.7900925,1.06,6.4,
1788411162143,5727424513,646,504990,2097215,460,0,-92,-13,8,-1,39.89220092,116.34292119,40.2666015625,3.7900925,0.98,5.3,
1788411161826,5727424513,646,504990,2097215,460,0,-92,-13,8,-1,39.89220092,116.34292119,40.2666015625,3.7900925,0.98,5.3,
1788411160124,5727424513,646,504990,2097215,460,0,-80,-11,17,-1,39.89218531,116.34292107,40.53863525390625,3.7900925,1.04,12.4,
1788411158067,5727424513,646,504990,2097215,460,0,-80,-11,17,-1,39.89216733,116.34291881,40.72222900390625,3.7900925,1.0,8.9,
1788411156045,5727424513,646,504990,2097215,460,0,-80,-11,17,-1,39.89215068,116.34291257,40.87286376953125,3.7900925,0.95,8.2,
1788411154027,5727424513,646,504990,2097215,460,0,-80,-11,17,-1,39.89213305,116.34290427,40.71197509765625,3.7900925,1.03,7.2,
1788411152016,5727424513,646,504990,2097215,460,0,-80,-11,17,-1,39.89211348,116.3428964,40.82379150390625,3.7900925,1.08,7.3,
1788411151020,5727424513,646,504990,2097215,460,0,-80,-11,17,-1,39.89210423,116.34289443,40.8995361328125,3.7900925,1.13,11.8,
1788411149946,5727424513,646,504990,2097215,460,0,-83,-11,10,-1,39.8920948,116.34289168,40.9420166015625,3.7900925,1.19,4.2,
1788411147675,5727424513,646,504990,2097215,460,0,-83,-11,10,-1,39.89206352,116.34288825,41.0693359375,3.7900925,1.23,8.2,
1788411145322,5727424513,646,504990,2097215,460,0,-83,-11,10,-1,39.89204122,116.3428861,40.9189453125,3.7900925,1.36,16.0,
1788411143114,5727424513,646,504990,2097215,460,0,-83,-11,10,-1,39.89201835,116.34288118,40.6981201171875,3.7900925,1.21,1.9,
1788411141100,5727424513,646,504990,2097215,460,0,-83,-11,10,-1,39.89199736,116.34288191,40.4888916015625,3.7900925,1.12,11.2,
1788411140836,5727424513,646,504990,2097215,460,0,-83,-11,10,-1,39.89199736,116.34288191,40.4888916015625,3.7900925,1.12,11.2,
1788411139086,5727424513,646,504990,2097215,460,0,-82,-11,13,-1,39.89197626,116.34287817,40.2186279296875,3.7900925,1.04,358.5,
1788411137079,5727424513,646,504990,2097215,460,0,-82,-11,13,-1,39.89195795,116.34287785,40.0650634765625,3.7900925,1.15,3.6,
1788411134465,5727424513,646,504990,2097215,460,0,-82,-11,13,-1,39.89192802,116.34287739,40.4464111328125,3.7900925,1.1,5.7,
1788411132437,5727424513,646,504990,2097215,460,0,-82,-11,13,-1,39.89190812,116.34287772,40.6002197265625,3.7900925,1.09,354.3,
1788411130838,5727424513,646,504990,2097215,460,0,-82,-11,13,-1,39.89189801,116.34287855,40.69818115234375,3.7900925,1.06,352.1,
1788411130421,5727424513,646,504990,2097215,460,0,-81,-11,9,-1,39.89188779,116.34287947,40.47198486328125,3.7900925,1.03,345.9,
1788411128413,5727424513,646,504990,2097215,460,0,-81,-11,9,-1,39.89187071,116.34288411,41.4471435546875,3.7900925,1.03,351.7,
1788411126329,5727424513,646,504990,2097215,460,0,-81,-11,9,-1,39.89185324,116.34288662,41.8328857421875,3.7900925,1.31,357.0,
1788411124314,5727424513,646,504990,2097215,460,0,-81,-11,9,-1,39.89182795,116.34289124,41.37811279296875,3.7900925,1.21,342.4,
1788411122297,5727424513,646,504990,2097215,460,0,-81,-11,9,-1,39.89180641,116.34289922,41.209716796875,3.7900925,1.01,353.2,
1788411120285,5727424513,646,504990,2097215,460,0,-81,-11,9,-1,39.89178606,116.3429034,41.31292724609375,3.7900925,0.97,343.5,
1788411119961,5727424513,646,504990,2097215,460,0,-81,-11,9,-1,39.89178606,116.3429034,41.31292724609375,3.7900925,0.97,343.5,
1788411118231,5727424513,646,504990,2097215,460,0,-74,-11,16,-1,39.89176672,116.34291379,40.8592529296875,3.7900925,0.98,346.7,
1788411116202,5727424513,646,504990,2097215,460,0,-74,-11,16,-1,39.89174731,116.34291984,40.3369140625,3.7900925,1.04,344.3,
1788411114163,5727424513,646,504990,2097215,460,0,-74,-11,16,-1,39.89172696,116.34292655,39.377197265625,3.7900925,0.99,348.4,
1788411112149,5727424513,646,504990,2097215,460,0,-74,-11,16,-1,39.89170615,116.34292888,39.7490234375,3.7900925,0.98,352.4,
1788411110135,5727424513,646,504990,2097215,460,0,-74,-11,16,-1,39.89168909,116.34293327,39.657958984375,3.7900925,1.05,334.5,
1788411109824,5727424513,646,504990,2097215,460,0,-74,-11,16,-1,39.89168909,116.34293327,39.657958984375,3.7900925,1.05,334.5,
1788411108122,5727424513,646,504990,2097215,460,0,-85,-13,2,-1,39.89167,116.34293865,38.53521728515625,3.7900925,1.03,351.1,
1788411106113,5727424513,646,504990,2097215,460,0,-85,-13,2,-1,39.8916511,116.3429432,39.48468017578125,3.7900925,1.01,342.1,
1788411104103,5727424513,646,504990,2097215,460,0,-85,-13,2,-1,39.89163242,116.34294971,39.13226318359375,3.7900925,0.99,340.4,
1788411102088,5727424513,646,504990,2097215,460,0,-85,-13,2,-1,39.89161196,116.34295476,39.6053466796875,3.7900925,0.99,356.3,
1788411099986,5727424513,646,504990,2097215,460,0,-85,-13,2,-1,39.89159388,116.34295692,39.753662109375,3.7900925,1.0,2.1,
1788411098991,5727424513,646,504990,2097215,460,0,-85,-13,2,-1,39.89158462,116.34295529,39.9368896484375,3.7900925,1.02,359.7,
1788411097969,5727424513,646,504990,2097215,460,0,-73,-11,13,-1,39.89156682,116.34295118,39.68310546875,3.7900925,1.04,346.2,
1788411095886,5727424513,646,504990,2097215,460,0,-73,-11,13,-1,39.89155848,116.34295355,39.6419677734375,3.7900925,0.96,354.8,
1788411093876,5727424513,646,504990,2097215,460,0,-73,-11,13,-1,39.8915308,116.34295234,39.5411376953125,3.7900925,0.98,20.7,
1788411091804,5727424513,646,504990,2097215,460,0,-73,-11,13,-1,39.89152374,116.34294645,39.64263916015625,3.7900925,1.1,11.1,
1788411089792,5727424513,646,504990,2097215,460,0,-73,-11,13,-1,39.89150694,116.3429416,40.05535888671875,3.7900925,1.08,16.3,
1788411088825,5727424513,646,504990,2097215,460,0,-73,-11,13,-1,39.89149943,116.34294056,40.12225341796875,3.7900925,1.12,16.8,
1788411087778,4099854339,649,504990,2097215,460,0,-78,-12,7,-1,39.89147892,116.34293466,40.51568603515625,3.7900925,1.17,27.2,
1788411085760,4099854339,649,504990,2097215,460,0,-78,-12,7,-1,39.891459,116.34292513,40.28826904296875,3.7900925,1.15,18.5,
1788411083743,4099854339,649,504990,2097215,460,0,-78,-12,7,-1,39.89143769,116.34291817,40.45648193359375,9.935046,1.01,347.1,
1788411081529,4099854339,649,504990,2097215,460,0,-78,-12,7,-1,39.8914189,116.34292195,40.15557861328125,9.935046,1.01,344.7,
1788411079518,4099854339,649,504990,2097215,460,0,-78,-12,7,-1,39.89140061,116.3429272,39.9954833984375,9.935046,0.95,342.9,
1788411077841,4099854339,649,504990,2097215,460,0,-78,-12,7,-1,39.89139182,116.34293111,40.05841064453125,9.935046,1.08,343.5,
1788411077197,4099854339,649,504990,2097215,460,0,-81,-12,10,-1,39.89138184,116.34293505,39.9671630859375,9.935046,1.13,340.3,
1788411075180,4099854339,649,504990,2097215,460,0,-81,-12,10,-1,39.89136099,116.34294095,39.83056640625,9.935046,1.16,337.8,
1788411073165,4099854339,649,504990,2097215,460,0,-81,-12,10,-1,39.89134195,116.34295284,39.5594482421875,9.935046,1.2,329.2,
1788411071147,4099854339,649,504990,2097215,460,0,-81,-12,10,-1,39.89132347,116.34296427,40.380859375,9.935046,1.26,330.8,
1788411069133,4099854339,649,504990,2097215,460,0,-81,-12,10,-1,39.89130612,116.34296653,40.9149169921875,9.935046,1.08,329.2,
1788411067836,4099854339,649,504990,2097215,460,0,-81,-12,10,-1,39.89129779,116.34296733,41.390869140625,3.7900925,1.07,321.1,
1788411067120,4099854339,649,504990,2097215,460,0,-83,-12,1,-1,39.89129074,116.342973,41.62872314453125,3.7900925,1.02,331.9,
1788411065092,4099854339,649,504990,2097215,460,0,-83,-12,1,-1,39.89127219,116.34297518,41.9388427734375,3.7900925,1.12,353.4,
1788411063071,4099854339,649,504990,2097215,460,0,-83,-12,1,-1,39.89125505,116.34297009,41.9893798828125,3.7900925,1.09,35.4,
1788411061061,4099854339,649,504990,2097215,460,0,-83,-12,1,-1,39.8912389,116.34295337,41.4893798828125,3.7900925,1.08,34.8,
1788411059046,4099854339,649,504990,2097215,460,0,-83,-12,1,-1,39.89122104,116.34293477,42.3380126953125,3.7900925,1.04,39.7,
1788411057839,4099854339,649,504990,2097215,460,0,-83,-12,1,-1,39.8912115,116.34292674,42.09564208984375,3.7900925,1.05,42.4,
1788411057029,4099854339,649,504990,2097215,460,0,-77,-12,14,-1,39.89120247,116.3429194,41.86517333984375,3.7900925,1.01,31.1,
1788411055008,4099854339,649,504990,2097215,460,0,-77,-12,14,-1,39.89118238,116.34290543,41.672119140625,3.7900925,1.04,24.9,
1788411052998,4099854339,649,504990,2097215,460,0,-77,-12,14,-1,39.89116047,116.34289011,41.1566162109375,3.7900925,1.03,22.6,
1788411050989,4099854339,649,504990,2097215,460,0,-77,-12,14,-1,39.89114157,116.34288029,41.157470703125,3.7900925,1.02,12.4,
1788411048969,4099854339,649,504990,2097215,460,0,-77,-12,14,-1,39.89112197,116.34287407,40.6229248046875,3.7900925,1.07,26.2,
1788411047836,4099854339,649,504990,2097215,460,0,-77,-12,14,-1,39.89111473,116.34287023,40.9456787109375,3.7900925,1.05,14.6,
1788411046952,4099854339,649,504990,2097215,460,0,-86,-13,3,-1,39.89110617,116.34286774,40.6484375,3.7900925,1.04,9.0,
1788411044940,4099854339,649,504990,2097215,460,0,-86,-13,3,-1,39.89108884,116.34286264,40.432373046875,3.7900925,1.06,16.7,
1788411042925,4099854339,649,504990,2097215,460,0,-86,-13,3,-1,39.89106328,116.3428621,39.546630859375,3.7900925,1.05,22.4,
1788411040914,4099854339,649,504990,2097215,460,0,-86,-13,3,-1,39.89105458,116.34285971,39.557373046875,3.7900925,1.01,19.9,
1788411038901,4099854339,649,504990,2097215,460,0,-86,-13,3,-1,39.89103564,116.34285302,39.26361083984375,3.7900925,1.05,20.1,
1788411037832,4099854339,649,504990,2097215,460,0,-86,-13,3,-1,39.89102625,116.3428488,39.25421142578125,3.7900925,1.08,14.7,
1788411036886,4099854339,649,504990,2097215,460,0,-76,-12,9,-1,39.89101668,116.34284594,38.96038818359375,3.7900925,1.07,3.4,
1788411034864,4099854339,649,504990,2097215,460,0,-76,-12,9,-1,39.89099694,116.34284607,38.50146484375,3.7900925,0.99,3.8,
1788411032855,4099854339,649,504990,2097215,460,0,-76,-12,9,-1,39.89096952,116.34284403,38.50885009765625,3.7900925,1.0,2.7,
1788411030432,4099854339,649,504990,2097215,460,0,-76,-12,9,-1,39.89095109,116.34284226,38.5933837890625,3.7900925,1.05,359.1,
1788411028422,4099854339,649,504990,2097215,460,0,-76,-12,9,-1,39.89093339,116.34284344,38.97698974609375,3.7900925,1.06,1.7,
1788411027049,4099854339,649,504990,2097215,460,0,-76,-12,9,-1,39.89092463,116.34284319,38.9090576171875,3.7900925,1.04,357.1,
1788411025214,4099854339,649,504990,2097215,460,0,-74,-11,15,-1,39.89090633,116.3428443,39.20855712890625,3.7900925,1.02,358.0,
1788411023149,4099854339,649,504990,2097215,460,0,-74,-11,15,-1,39.89088917,116.34284791,38.57513427734375,3.7900925,1.03,358.8,
1788411021135,4099854339,649,504990,2097215,460,0,-74,-11,15,-1,39.89087056,116.34284759,38.65594482421875,3.7900925,1.08,7.3,
1788411019115,4099854339,649,504990,2097215,460,0,-74,-11,15,-1,39.89084966,116.34284767,39.0396728515625,3.7900925,1.03,355.7,
1788411017103,4099854339,649,504990,2097215,460,0,-74,-11,15,-1,39.89083071,116.34284528,39.24151611328125,3.7900925,1.06,5.1,
1788411015830,4099854339,649,504990,2097215,460,0,-74,-11,15,-1,39.89082075,116.34284474,39.3209228515625,3.7900925,1.11,356.8,
1788411015026,4099854339,649,504990,2097215,460,0,-66,-11,21,-1,39.89081031,116.34284552,39.3157958984375,3.7900925,1.09,6.3,
1788411013003,4099854339,649,504990,2097215,460,0,-66,-11,21,-1,39.8907913,116.34283965,39.1649169921875,3.7900925,1.13,5.0,
1788411010987,4099854339,649,504990,2097215,460,0,-66,-11,21,-1,39.89076898,116.34283763,38.96368408203125,3.7900925,1.19,353.9,
1788411008968,4099854339,649,504990,2097215,460,0,-66,-11,21,-1,39.89074801,116.34283949,38.990966796875,3.7900925,1.1,356.0,
1788411006953,4099854339,649,504990,2097215,460,0,-66,-11,21,-1,39.89072822,116.34284189,38.9053955078125,3.7900925,1.13,353.7,
1788411005001,4099854339,649,504990,2097215,460,0,-66,-11,21,-1,39.8907084,116.34284478,38.7998046875,3.7900925,1.12,3.1,
1788411004942,4099854339,649,504990,2097215,460,0,-79,-11,12,-1,39.8906984,116.34284347,38.763427734375,3.7900925,1.16,8.2,
1788411002935,4099854339,649,504990,2097215,460,0,-79,-11,12,-1,39.89067713,116.34284249,38.6058349609375,3.7900925,1.15,354.6,
1788411000876,4099854339,649,504990,2097215,460,0,-79,-11,12,-1,39.89065636,116.34284313,38.3743896484375,3.7900925,1.17,3.1,
1788410998092,4099854339,649,504990,2097215,460,0,-79,-11,12,-1,39.89063434,116.34284276,38.40216064453125,3.7900925,1.17,359.8,
1788410996079,4099854339,649,504990,2097215,460,0,-79,-11,12,-1,39.89061132,116.34284529,38.22900390625,3.7900925,1.2,351.2,
1788410994826,4099854339,649,504990,2097215,460,0,-79,-11,12,-1,39.89060015,116.34284936,38.116455078125,3.7900925,1.11,355.9,
1788410994064,4099854339,649,504990,2097215,460,0,-76,-12,9,-1,39.89058989,116.34285148,38.078125,3.7900925,1.15,357.2,
1788410992052,4099854339,649,504990,2097215,460,0,-76,-12,9,-1,39.89056889,116.34285224,38.0279541015625,3.7900925,1.23,16.7,
1788410990039,4099854339,649,504990,2097215,460,0,-76,-12,9,-1,39.89054637,116.34284706,38.0595703125,3.7900925,1.24,6.9,
1788410988029,4099854339,649,504990,2097215,460,0,-76,-12,9,-1,39.89052396,116.34284868,38.12646484375,3.7900925,1.13,340.6,
1788410986018,4099854339,649,504990,2097215,460,0,-76,-12,9,-1,39.89050486,116.34285974,37.47601318359375,3.7900925,1.12,352.3,
1788410984028,4099854339,649,504990,2097215,460,0,-76,-12,9,-1,39.89048202,116.34286509,37.1842041015625,3.7900925,1.11,3.4,
1788410983978,4099854339,649,504990,2097215,460,0,-67,-11,15,-1,39.89048202,116.34286509,37.1842041015625,3.7900925,1.11,3.4,
1788410981966,4099854339,649,504990,2097215,460,0,-67,-11,15,-1,39.89045974,116.34286763,37.24090576171875,3.7900925,1.17,356.6,
1788410979959,4099854339,649,504990,2097215,460,0,-67,-11,15,-1,39.89043547,116.34288824,37.52813720703125,3.7900925,1.27,291.9,
1788410977176,4099854339,649,504990,2097215,460,0,-67,-11,15,-1,39.89042671,116.34291921,37.247802734375,3.7900925,1.39,277.6,
1788410974527,4099854339,649,504990,2097215,460,0,-67,-11,15,-1,39.89043057,116.34296373,36.1712646484375,3.7900925,1.19,245.4,
1788410973964,4099854339,649,504990,2097215,460,0,-67,-11,15,-1,39.89043057,116.34296373,36.1712646484375,3.7900925,1.19,245.4,
1788410971800,4099854339,649,504990,2097215,460,0,-57,-11,19,-1,39.89043624,116.3429895,35.5885009765625,3.7900925,1.19,267.3,
1788410969512,4099854339,649,504990,2097215,460,0,-57,-11,19,-1,39.89043285,116.34302498,35.43475341796875,3.7900925,1.17,302.3,
1788410967462,4099854339,649,504990,2097215,460,0,-57,-11,19,-1,39.89042641,116.34304183,35.04364013671875,3.7900925,1.08,265.7,
1788410965447,4099854339,649,504990,2097215,460,0,-57,-11,19,-1,39.89042578,116.34306122,34.28167724609375,3.7900925,1.08,265.1,
1788410963830,4099854339,649,504990,2097215,460,0,-57,-11,19,-1,39.89042511,116.34307286,33.9263916015625,3.7900925,1.16,260.8,
1788410963418,4099854339,649,504990,2097215,460,0,-61,-11,27,-1,39.8904255,116.34308628,33.99261474609375,3.7900925,1.17,245.8,
1788410961405,4099854339,649,504990,2097215,460,0,-61,-11,27,-1,39.89043706,116.3431083,34.33636474609375,3.7900925,1.32,196.8,
1788410959381,4099854339,649,504990,2097215,460,0,-61,-11,27,-1,39.89046001,116.34311304,34.39263916015625,3.7900925,1.25,173.7,
1788410957368,4099854339,649,504990,2097215,460,0,-61,-11,27,-1,39.89048118,116.34310959,34.51580810546875,3.7900925,1.23,177.6,
1788410955354,4099854339,649,504990,2097215,460,0,-61,-11,27,-1,39.89050261,116.34310621,34.7042236328125,3.7900925,1.23,190.4,
1788410953344,4099854339,649,504990,2097215,460,0,-61,-11,27,-1,39.89052407,116.34310959,34.69976806640625,3.7900925,1.16,187.5,
1788410953313,4099854339,649,504990,2097215,460,0,-61,-11,27,-1,39.89052407,116.34310959,34.69976806640625,3.7900925,1.16,187.5,
1788410951333,4099854339,649,504990,2097215,460,0,-79,-12,13,-1,39.89054525,116.34311078,34.6212158203125,3.7900925,1.23,182.1,
1788410949321,4099854339,649,504990,2097215,460,0,-79,-12,13,-1,39.89056626,116.3431147,34.5611572265625,3.7900925,1.2,179.2,
1788410947312,4099854339,649,504990,2097215,460,0,-79,-12,13,-1,39.89058608,116.34311545,34.67059326171875,3.7900925,1.23,185.9,
1788410945302,4099854339,649,504990,2097215,460,0,-79,-12,13,-1,39.89060843,116.34311991,34.78424072265625,3.7900925,1.14,179.0,
1788410943283,4099854339,649,504990,2097215,460,0,-79,-12,13,-1,39.89062952,116.34312152,34.86029052734375,3.7900925,1.18,191.9,
1788410943040,4099854339,649,504990,2097215,460,0,-79,-12,13,-1,39.89062952,116.34312152,34.86029052734375,3.7900925,1.18,191.9,
1788410941145,4099854339,649,504990,2097215,460,0,-76,-11,13,-1,39.89065066,116.34312515,34.76959228515625,3.7900925,1.16,172.8,
1788410938974,4099854339,649,504990,2097215,460,0,-76,-11,13,-1,39.89068189,116.3431267,34.88861083984375,3.7900925,1.22,183.6,
1788410936878,4099854339,649,504990,2097215,460,0,-76,-11,13,-1,39.89070159,116.34312687,35.26409912109375,3.7900925,1.06,173.8,
1788410934708,4099854339,649,504990,2097215,460,0,-76,-11,13,-1,39.89071947,116.34312487,35.199462890625,3.7900925,1.08,176.7,
1788410932695,4099854339,649,504990,2097215,460,0,-76,-11,13,-1,39.89073874,116.34312383,35.2076416015625,3.7900925,1.08,180.8,
1788410931893,4099854339,649,504990,2097215,460,0,-76,-11,13,-1,39.89073874,116.34312383,35.2076416015625,3.7900925,1.08,180.8,
1788410930530,4099854339,649,504990,2097215,460,0,-76,-11,16,-1,39.8907584,116.34312365,35.25439453125,3.7900925,1.02,174.5,
1788410928108,4099854339,649,504990,2097215,460,0,-76,-11,16,-1,39.89077054,116.34312738,35.20855712890625,3.7900925,0.99,182.2,
1788410926090,4099854339,649,504990,2097215,460,0,-76,-11,16,-1,39.89078406,116.34313042,34.67791748046875,3.7900925,0.95,177.5,
1788410923019,4099854339,649,504990,2097215,460,0,-76,-11,16,-1,39.89082686,116.34312954,34.443359375,3.7900925,1.27,183.0,
1788410921281,4099854339,649,504990,2097215,460,0,-76,-11,16,-1,39.89084005,116.34313029,34.4930419921875,3.7900925,1.27,184.4,
1788410920921,4099854339,649,504990,2097215,460,0,-81,-11,16,-1,39.89084005,116.34313029,34.4930419921875,3.7900925,1.27,184.4,
1788410918908,4099854339,649,504990,2097215,460,0,-81,-11,16,-1,39.89087684,116.3431324,34.644775390625,3.7900925,1.15,180.8,
1788410916852,4099854339,649,504990,2097215,460,0,-81,-11,16,-1,39.89088816,116.34313311,34.65875244140625,3.7900925,1.2,178.5,
1788410914770,4099854339,649,504990,2097215,460,0,-81,-11,16,-1,39.89092237,116.34313694,35.01654052734375,3.7900925,1.31,179.4,
1788410912447,4099854339,649,504990,2097215,460,0,-81,-11,16,-1,39.89094769,116.34314065,35.29779052734375,3.7900925,1.26,187.6,
1788410911047,4099854339,649,504990,2097215,460,0,-81,-11,16,-1,39.89095977,116.34314337,35.468994140625,3.7900925,1.11,183.2,
1788410909543,4099854339,649,504990,2097215,460,0,-83,-11,9,-1,39.89098143,116.34314596,35.7154541015625,3.7900925,1.09,176.5,
1788410907203,4099854339,649,504990,2097215,460,0,-83,-11,9,-1,39.89100298,116.343146,35.767822265625,3.7900925,1.13,176.2,
1788410905175,4099854339,649,504990,2097215,460,0,-83,-11,9,-1,39.89102649,116.34314657,36.1519775390625,3.7900925,1.06,166.2,
1788410903161,4099854339,649,504990,2097215,460,0,-83,-11,9,-1,39.89104646,116.34314272,36.4254150390625,3.7900925,1.06,185.2,
1788410901191,4099854339,649,504990,2097215,460,0,-83,-11,9,-1,39.89106763,116.34314376,36.703369140625,3.7900925,1.06,177.1,
1788410901124,5727424513,646,504990,2097215,460,0,-86,-13,3,-1,39.89106763,116.34314376,36.703369140625,3.7900925,1.06,177.1,
1788410898912,5727424513,646,504990,2097215,460,0,-86,-13,3,-1,39.89109902,116.3431383,37.0791015625,9.935046,1.09,165.7,
1788410896897,5727424513,646,504990,2097215,460,0,-86,-13,3,-1,39.89110927,116.34313597,37.069580078125,9.935046,1.07,170.8,
1788410894757,5727424513,646,504990,2097215,460,0,-86,-13,3,-1,39.89113804,116.34312986,37.0467529296875,9.935046,1.15,166.4,
1788410892333,5727424513,646,504990,2097215,460,0,-86,-13,3,-1,39.89115976,116.34312517,37.1981201171875,9.935046,1.04,172.5,
1788410890843,5727424513,646,504990,2097215,460,0,-86,-13,3,-1,39.89117037,116.3431236,36.7369384765625,9.935046,1.02,170.9,
1788410890323,5727424513,646,504990,2097215,460,0,-89,-14,0,-1,39.89118095,116.34312067,36.72711181640625,9.935046,0.96,158.2,
1788410888304,5727424513,646,504990,2097215,460,0,-89,-14,0,-1,39.89120027,116.34311381,36.08697509765625,9.935046,1.05,183.3,
1788410886293,5727424513,646,504990,2097215,460,0,-89,-14,0,-1,39.89121807,116.34311569,36.305908203125,9.935046,1.07,178.1,
1788410884273,5727424513,646,504990,2097215,460,0,-89,-14,0,-1,39.89123911,116.34311572,35.81549072265625,9.935046,1.06,193.6,
1788410882256,5727424513,646,504990,2097215,460,0,-89,-14,0,-1,39.89125884,116.34312199,35.955810546875,9.935046,1.07,192.0,
1788410880839,5727424513,646,504990,2097215,460,0,-89,-14,0,-1,39.8912686,116.34312685,36.05230712890625,9.935046,1.07,195.5,
1788410880237,5727424513,646,504990,2097215,460,0,-87,-13,6,-1,39.89127925,116.34313122,36.29229736328125,9.935046,1.03,181.7,
1788410878222,5727424513,646,504990,2097215,460,0,-87,-13,6,-1,39.89130093,116.34313413,35.26300048828125,9.935046,1.04,189.6,
1788410876208,5727424513,646,504990,2097215,460,0,-87,-13,6,-1,39.89132014,116.34313979,34.57867431640625,9.935046,1.0,191.8,
1788410874192,5727424513,646,504990,2097215,460,0,-87,-13,6,-1,39.89133903,116.34314703,34.332275390625,9.935046,0.97,191.7,
1788410872175,5727424513,646,504990,2097215,460,0,-87,-13,6,-1,39.89135805,116.3431514,34.358642578125,9.935046,1.05,181.1,
1788410870834,5727424513,646,504990,2097215,460,0,-87,-13,6,-1,39.89136745,116.34315153,34.8262939453125,9.935046,1.05,169.4,
1788410870154,5727424513,646,504990,2097215,460,0,-92,-14,2,-1,39.89137784,116.34314959,35.27471923828125,9.935046,1.01,173.4,
1788410868142,5727424513,646,504990,2097215,460,0,-92,-14,2,-1,39.89139725,116.34314604,34.487060546875,9.935046,1.03,175.8,
1788410865953,5727424513,646,504990,2097215,460,0,-92,-14,2,-1,39.89142673,116.34315068,34.64471435546875,9.935046,1.05,176.7,
1788410863453,5727424513,646,504990,2097215,460,0,-92,-14,2,-1,39.8914472,116.34315122,34.14874267578125,9.935046,1.07,191.0,
1788410861008,5727424513,646,504990,2097215,460,0,-92,-14,2,-1,39.89146607,116.34315179,33.8251953125,3.7900925,1.06,169.1,
1788410860834,5727424513,646,504990,2097215,460,0,-92,-14,2,-1,39.89146607,116.34315179,33.8251953125,3.7900925,1.06,169.1,
1788410858994,5727424513,646,504990,2097215,460,0,-88,-12,-2,-1,39.89148689,116.34314748,33.458251953125,3.7900925,1.01,172.8,
1788410856980,5727424513,646,504990,2097215,460,0,-88,-12,-2,-1,39.89150835,116.34314255,33.3541259765625,3.7900925,1.07,191.2,
1788410854847,5727424513,646,504990,2097215,460,0,-88,-12,-2,-1,39.89152791,116.34314731,33.92138671875,3.7900925,1.15,161.0,
1788410852838,5727424513,646,504990,2097215,460,0,-88,-12,-2,-1,39.89154705,116.34314535,34.30706787109375,3.7900925,1.08,184.2,
1788410850833,5727424513,646,504990,2097215,460,0,-88,-12,-2,-1,39.8915639,116.34314678,33.516845703125,3.7900925,1.04,175.7,
1788410850832,5727424513,646,504990,2097215,460,0,-88,-12,-2,-1,39.8915639,116.34314678,33.516845703125,3.7900925,1.04,175.7,
1788410848826,5727424513,646,504990,2097215,460,0,-91,-13,2,-1,39.89158283,116.34314656,33.43072509765625,3.7900925,1.06,182.3,
1788410846817,5727424513,646,504990,2097215,460,0,-91,-13,2,-1,39.8916018,116.34314738,33.7247314453125,3.7900925,1.05,162.1,
1788410844801,5727424513,646,504990,2097215,460,0,-91,-13,2,-1,39.89161942,116.34314064,33.3096923828125,3.7900925,1.03,181.8,
1788410842789,5727424513,646,504990,2097215,460,0,-91,-13,2,-1,39.8916475,116.3431414,33.96710205078125,3.7900925,1.04,172.2,
1788410840782,5727424513,646,504990,2097215,460,0,-91,-13,2,-1,39.89166662,116.34313749,33.99798583984375,3.7900925,1.04,181.7,
1788410840039,5727424513,646,504990,2097215,460,0,-91,-13,2,-1,39.89166662,116.34313749,33.99798583984375,3.7900925,1.04,181.7,
1788410837497,5727424513,646,504990,2097215,460,0,-91,-12,4,-1,39.89169651,116.34313562,33.5902099609375,3.7900925,1.06,177.9,
1788410835298,5727424513,646,504990,2097215,460,0,-91,-12,4,-1,39.89171284,116.34313625,34.180419921875,3.7900925,1.05,171.7,
1788410833096,5727424513,646,504990,2097215,460,0,-91,-12,4,-1,39.8917324,116.34313614,34.37738037109375,3.7900925,1.07,180.3,
1788410831088,5727424513,646,504990,2097215,460,0,-91,-12,4,-1,39.8917511,116.34313648,34.75994873046875,3.7900925,1.07,181.0,
1788410830010,5727424513,646,504990,2097215,460,0,-91,-12,4,-1,39.89176092,116.34313702,34.6080322265625,3.7900925,1.03,179.6,
1788410829074,5727424513,646,504990,2097215,460,0,-92,-13,2,-1,39.89176975,116.34313688,34.5599365234375,3.7900925,1.1,172.0,
1788410827061,5727424513,646,504990,2097215,460,0,-92,-13,2,-1,39.89178845,116.34313662,34.60479736328125,3.7900925,1.09,185.1,
1788410825040,5727424513,646,504990,2097215,460,0,-92,-13,2,-1,39.89180835,116.34313944,34.55926513671875,3.7900925,1.11,173.0,
1788410823022,5727424513,646,504990,2097215,460,0,-92,-13,2,-1,39.89182706,116.34313774,34.9981689453125,3.7900925,1.14,181.1,
1788410821009,5727424513,646,504990,2097215,460,0,-92,-13,2,-1,39.89184809,116.34313821,35.24468994140625,3.7900925,1.07,172.4,
1788410819825,5727424513,646,504990,2097215,460,0,-92,-13,2,-1,39.89185796,116.34313578,35.30615234375,3.7900925,1.18,173.0,
1788410818982,5727424513,646,504990,2097215,460,0,-99,-15,0,-1,39.89186877,116.34313432,35.4052734375,3.7900925,1.2,177.8,
1788410816971,5727424513,646,504990,2097215,460,0,-99,-15,0,-1,39.8918897,116.34313195,35.836181640625,3.7900925,1.17,178.4,
1788410814961,5727424513,646,504990,2097215,460,0,-99,-15,0,-1,39.89191125,116.34313012,35.59503173828125,3.7900925,1.13,169.1,
1788410812950,5727424513,646,504990,2097215,460,0,-99,-15,0,-1,39.8919309,116.34312879,35.646240234375,3.7900925,1.07,174.0,
1788410810937,5727424513,646,504990,2097215,460,0,-99,-15,0,-1,39.89194868,116.34312599,35.09039306640625,3.7900925,1.11,177.0,
1788410809825,5727424513,646,504990,2097215,460,0,-99,-15,0,-1,39.89195821,116.34312511,35.154541015625,3.7900925,1.16,180.7,
1788410808926,4096999427,195,504990,2097215,460,0,-97,-15,0,-1,39.89196655,116.34312613,35.46392822265625,3.7900925,1.11,173.1,
1788410806915,4096999427,195,504990,2097215,460,0,-97,-15,0,-1,39.89198755,116.34312228,35.23223876953125,3.7900925,1.07,171.1,
1788410804898,4096999427,195,504990,2097215,460,0,-97,-15,0,-1,39.8920079,116.34312026,35.07269287109375,3.7900925,1.07,172.0,
1788410802888,4096999427,195,504990,2097215,460,0,-97,-15,0,-1,39.8920368,116.34311657,35.09344482421875,3.7900925,1.08,182.1,
1788410800573,4096999427,195,504990,2097215,460,0,-97,-15,0,-1,39.89205689,116.34311849,35.41229248046875,3.7900925,1.1,182.6,
1788410799002,4096999427,195,504990,2097215,460,0,-97,-15,0,-1,39.89206717,116.34311983,35.43218994140625,3.7900925,1.12,177.2,
1788410798559,4096999427,195,504990,2097215,460,0,-98,-14,-1,-1,39.89207803,116.34312039,35.883544921875,3.7900925,1.14,177.8,
1788410796090,4096999427,195,504990,2097215,460,0,-98,-14,-1,-1,39.89209868,116.34312147,36.173095703125,3.7900925,1.13,174.6,
1788410793887,4096999427,195,504990,2097215,460,0,-98,-14,-1,-1,39.89212777,116.34311784,36.601806640625,3.7900925,1.07,176.1,
1788410791493,4096999427,195,504990,2097215,460,0,-98,-14,-1,-1,39.8921493,116.34311805,36.9981689453125,3.7900925,1.12,179.7,
1788410789481,4096999427,195,504990,2097215,460,0,-98,-14,-1,-1,39.89217041,116.34312222,37.3751220703125,3.7900925,1.13,182.6,
1788410788828,4096999427,195,504990,2097215,460,0,-98,-14,-1,-1,39.89217041,116.34312222,37.3751220703125,3.7900925,1.13,182.6,
1788410787463,4096999427,195,504990,2097215,460,0,-93,-13,6,-1,39.89219147,116.34312514,37.3177490234375,9.935046,1.11,179.6,
1788410785451,4096999427,195,504990,2097215,460,0,-93,-13,6,-1,39.89221077,116.34312368,37.3414306640625,3.7900925,1.07,168.4,
1788410783430,4096999427,195,504990,2097215,460,0,-93,-13,6,-1,39.89222923,116.34311951,36.70574951171875,3.7900925,1.11,173.0,
1788410781417,4096999427,195,504990,2097215,460,0,-93,-13,6,-1,39.89224949,116.34311518,36.09295654296875,3.7900925,1.11,165.0,
1788410778830,4096999427,195,504990,2097215,460,0,-93,-13,6,-1,39.8922699,116.3431115,35.83953857421875,3.7900925,1.07,176.7,
1788410778816,4096999427,195,504990,2097215,460,0,-90,-11,9,-1,39.8922699,116.3431115,35.83953857421875,3.7900925,1.07,176.7,
1788410776431,4096999427,195,504990,2097215,460,0,-90,-11,9,-1,39.8922981,116.34310773,35.6810302734375,3.7900925,1.06,174.1,
1788410773950,4096999427,195,504990,2097215,460,0,-90,-11,9,-1,39.8923246,116.34310337,35.51873779296875,3.7900925,1.07,174.3,
1788410771149,4096999427,195,504990,2097215,460,0,-90,-11,9,-1,39.8923415,116.34309726,35.562255859375,3.7900925,1.05,161.8,
1788410769136,4096999427,195,504990,2097215,460,0,-90,-11,9,-1,39.89235624,116.34309158,35.43212890625,3.7900925,1.25,177.3,
1788410768114,4096999427,195,504990,2097215,460,0,-90,-11,9,-1,39.8923663,116.3430901,35.2696533203125,3.7900925,1.41,175.2,
1788410766886,4096999427,195,504990,2097215,460,0,-86,-11,13,-1,39.89238761,116.34308302,35.18560791015625,3.7900925,1.56,185.8,
1788410764757,4096999427,195,504990,2097215,460,0,-86,-11,13,-1,39.89241423,116.34308274,36.260498046875,3.7900925,1.88,176.9,
1788410762167,4096999427,195,504990,2097215,460,0,-86,-11,13,-1,39.89244901,116.3430791,35.54345703125,3.7900925,1.33,179.9,
1788410760154,4096999427,195,504990,2097215,460,0,-86,-11,13,-1,39.89247189,116.34307503,35.5849609375,3.7900925,1.15,184.9,
1788410758031,4096999427,195,504990,2097215,460,0,-86,-11,13,-1,39.89249354,116.34307531,35.8846435546875,3.7900925,1.2,168.8,
1788410757941,4096999427,195,504990,2097215,460,0,-89,-12,9,-1,39.89250445,116.34307223,35.65625,3.7900925,1.24,175.4,
1788410755741,4096999427,195,504990,2097215,460,0,-89,-12,9,-1,39.89252775,116.34307034,35.91204833984375,3.7900925,1.27,183.1,
1788410753633,4096999427,195,504990,2097215,460,0,-89,-12,9,-1,39.89255123,116.34306999,36.1461181640625,3.7900925,1.21,174.3,
1788410751036,4096999427,195,504990,2097215,460,0,-89,-12,9,-1,39.89257312,116.34306521,36.020751953125,3.7900925,1.1,185.8,
1788410748363,4096999427,195,504990,2097215,460,0,-89,-12,9,-1,39.89260214,116.34306793,36.19580078125,3.7900925,1.14,186.2,
1788410747833,4096999427,195,504990,2097215,460,0,-89,-12,9,-1,39.89260214,116.34306793,36.19580078125,3.7900925,1.14,186.2,
1788410746345,4096999427,195,504990,2097215,460,0,-87,-12,6,-1,39.89262171,116.34307421,37.04156494140625,3.7900925,1.12,179.9,
1788410744334,4096999427,195,504990,2097215,460,0,-87,-12,6,-1,39.89264222,116.34307303,37.5343017578125,3.7900925,1.18,169.0,
1788410742321,4096999427,195,504990,2097215,460,0,-87,-12,6,-1,39.89266205,116.34307058,38.0548095703125,3.7900925,1.12,174.0,
1788410740310,4096999427,195,504990,2097215,460,0,-87,-12,6,-1,39.89268145,116.34306822,37.8809814453125,3.7900925,1.12,177.4,
1788410737955,4096999427,195,504990,2097215,460,0,-87,-12,6,-1,39.89270101,116.34306295,37.59002685546875,3.7900925,1.15,164.8,
1788410737820,4096999427,195,504990,2097215,460,0,-87,-12,6,-1,39.89270101,116.34306295,37.59002685546875,3.7900925,1.15,164.8,
1788410735947,4096999427,195,504990,2097215,460,0,-80,-11,19,-1,39.89273192,116.34305987,36.9127197265625,3.7900925,1.12,179.9,
1788410733676,4096999427,195,504990,2097215,460,0,-80,-11,19,-1,39.89274967,116.34306378,37.0535888671875,3.7900925,1.12,180.0,
1788410731060,4096999427,195,504990,2097215,460,0,-80,-11,19,-1,39.89276653,116.34306554,37.54779052734375,3.7900925,1.16,176.9,
1788410729050,4096999427,195,504990,2097215,460,0,-80,-11,19,-1,39.89278563,116.34306332,36.7393798828125,3.7900925,1.19,190.2,
1788410727070,4096999427,195,504990,2097215,460,0,-80,-11,19,-1,39.89280602,116.34307171,36.90618896484375,3.7900925,1.14,204.1,
1788410725953,4096999427,195,504990,2097215,460,0,-73,-11,16,-1,39.89282358,116.34308783,37.4342041015625,3.7900925,1.18,217.8,
1788410722908,4096999427,195,504990,2097215,460,0,-73,-11,16,-1,39.89283889,116.3431066,38.0587158203125,3.7900925,1.29,242.3,
1788410720889,4096999427,195,504990,2097215,460,0,-73,-11,16,-1,39.89284657,116.34313381,38.7156982421875,3.7900925,1.29,258.9,
1788410718874,4096999427,195,504990,2097215,460,0,-73,-11,16,-1,39.89285073,116.34316324,38.91619873046875,3.7900925,1.2,258.0,
1788410716866,4096999427,195,504990,2097215,460,0,-73,-11,16,-1,39.89285389,116.34319129,39.11785888671875,3.7900925,1.19,271.5,
1788410716839,4096999427,195,504990,2097215,460,0,-73,-11,16,-1,39.89285389,116.34319129,39.11785888671875,3.7900925,1.19,271.5,
1788410714860,4097097730,199,504990,2097215,460,0,-82,-12,7,-1,39.89285482,116.34322024,39.386962890625,3.7900925,1.13,268.9,
1788410712705,4097097730,199,504990,2097215,460,0,-82,-12,7,-1,39.89285696,116.3432608,39.54736328125,3.7900925,1.09,268.1,
1788410710153,4097097730,199,504990,2097215,460,0,-82,-12,7,-1,39.89285656,116.34328635,39.61126708984375,3.7900925,1.26,267.8,
1788410708134,4097097730,199,504990,2097215,460,0,-82,-12,7,-1,39.89285926,116.3433166,39.57659912109375,3.7900925,1.25,269.5,
1788410706838,4097097730,199,504990,2097215,460,0,-82,-12,7,-1,39.89286023,116.34333124,39.6258544921875,3.7900925,1.26,269.9,
1788410706114,4097097730,199,504990,2097215,460,0,-85,-11,8,-1,39.89286078,116.34334649,39.7408447265625,3.7900925,1.2,266.8,
1788410704103,4097097730,199,504990,2097215,460,0,-85,-11,8,-1,39.89286152,116.34337262,39.64892578125,3.7900925,1.13,267.2,
1788410702087,4097097730,199,504990,2097215,460,0,-85,-11,8,-1,39.89286147,116.34340009,39.92510986328125,3.7900925,1.17,271.1,
1788410700074,4097097730,199,504990,2097215,460,0,-85,-11,8,-1,39.89286323,116.34342703,39.6373291015625,3.7900925,1.12,268.3,
1788410697919,4097097730,199,504990,2097215,460,0,-85,-11,8,-1,39.89286357,116.34346761,39.4949951171875,3.7900925,1.24,260.5,
1788410696064,4097097730,199,504990,2097215,460,0,-85,-11,8,-1,39.89286509,116.34348051,39.3804931640625,3.7900925,1.26,263.3,
1788410694951,4099850241,6,504990,2097215,460,0,-92,-13,4,-1,39.89286753,116.3435072,39.08233642578125,3.7900925,1.28,268.5,
1788410691966,4099850241,6,504990,2097215,460,0,-92,-13,4,-1,39.89286913,116.34353493,39.2020263671875,3.7900925,1.28,269.2,
1788410689790,4099850241,6,504990,2097215,460,0,-92,-13,4,-1,39.89286963,116.34357741,39.29168701171875,3.7900925,1.31,275.2,
1788410687777,4099850241,6,504990,2097215,460,0,-92,-13,4,-1,39.89286904,116.34360536,39.32586669921875,3.7900925,1.21,267.3,
1788410685837,4099850241,6,504990,2097215,460,0,-92,-13,4,-1,39.89287017,116.3436185,39.39898681640625,3.7900925,1.18,270.1,
1788410685758,4099850241,6,504990,2097215,460,0,-84,-12,10,-1,39.89287051,116.34363099,39.31951904296875,3.7900925,1.17,270.3,
1788410683739,4099850241,6,504990,2097215,460,0,-84,-12,10,-1,39.89287156,116.34365832,39.331787109375,3.7900925,1.24,270.4,
1788410681723,4099850241,6,504990,2097215,460,0,-84,-12,10,-1,39.89287232,116.34368757,39.4365234375,3.7900925,1.23,268.3,
1788410679545,4099850241,6,504990,2097215,460,0,-84,-12,10,-1,39.89287536,116.3437158,39.240478515625,3.7900925,1.23,262.9,
1788410677532,4099850241,6,504990,2097215,460,0,-84,-12,10,-1,39.89287948,116.34374346,39.139892578125,3.7900925,1.16,265.0,
1788410675831,4099850241,6,504990,2097215,460,0,-84,-12,10,-1,39.89288088,116.34375657,38.66583251953125,3.7900925,1.28,253.2,
1788410675517,4099850241,6,504990,2097215,460,0,-84,-11,7,-1,39.89288349,116.34376998,38.47100830078125,3.7900925,1.27,252.8,
1788410673488,4099850241,6,504990,2097215,460,0,-84,-11,7,-1,39.8928899,116.34379667,38.15252685546875,3.7900925,1.27,222.5,
1788410671466,4099850241,6,504990,2097215,460,0,-84,-11,7,-1,39.89290822,116.34381272,37.5604248046875,3.7900925,1.27,188.4,
1788410669457,4099850241,6,504990,2097215,460,0,-84,-11,7,-1,39.89293053,116.34381721,37.45819091796875,3.7900925,1.19,187.8,
1788410667446,4099850241,6,504990,2097215,460,0,-84,-11,7,-1,39.89295282,116.34381606,37.792236328125,3.7900925,1.14,175.4,
1788410665435,4099850241,6,504990,2097215,460,0,-84,-11,7,-1,39.89297494,116.34381398,38.142578125,3.7900925,1.17,174.2,
1788410664982,4099850241,6,504990,2097215,460,0,-84,-11,7,-1,39.89297494,116.34381398,38.142578125,3.7900925,1.17,174.2,
1788410662782,4097097730,199,504990,2097215,460,0,-89,-14,5,-1,39.89300685,116.34380893,38.3433837890625,3.7900925,1.25,181.9,
1788410660394,4097097730,199,504990,2097215,460,0,-89,-14,5,-1,39.89303105,116.34380736,38.04193115234375,3.7900925,1.36,165.4,
1788410658382,4097097730,199,504990,2097215,460,0,-89,-14,5,-1,39.89305366,116.34380048,38.030517578125,3.7900925,1.18,172.8,
1788410656363,4097097730,199,504990,2097215,460,0,-89,-14,5,-1,39.8930733,116.34380141,38.80316162109375,3.7900925,1.17,167.7,
1788410654831,4097097730,199,504990,2097215,460,0,-89,-14,5,-1,39.89308348,116.34379872,38.8455810546875,3.7900925,1.15,166.4,
1788410654346,4099850241,6,504990,2097215,460,0,-90,-13,7,-1,39.89309324,116.34379617,38.90838623046875,3.7900925,1.19,163.4,
1788410652329,4099850241,6,504990,2097215,460,0,-90,-13,7,-1,39.89311225,116.34378781,38.9871826171875,3.7900925,1.13,166.6,
1788410650315,4099850241,6,504990,2097215,460,0,-90,-13,7,-1,39.89313099,116.34378372,39.7738037109375,3.7900925,1.14,179.8,
1788410648305,4099850241,6,504990,2097215,460,0,-90,-13,7,-1,39.89314936,116.34378038,39.889892578125,3.7900925,1.17,180.0,
1788410646293,4099850241,6,504990,2097215,460,0,-90,-13,7,-1,39.89316587,116.3437768,39.89385986328125,3.7900925,1.14,175.6,
1788410644274,4099850241,6,504990,2097215,460,0,-90,-13,7,-1,39.89318305,116.34377221,39.9239501953125,3.7900925,1.16,181.5,
1788410643943,4099850241,6,504990,2097215,460,0,-90,-13,7,-1,39.89318305,116.34377221,39.9239501953125,3.7900925,1.16,181.5,
1788410641490,4097052764,136,504990,2097215,460,0,-92,-13,3,-1,39.89320798,116.34377313,40.2252197265625,3.7900925,1.4,173.3,
1788410639471,4097052764,136,504990,2097215,460,0,-92,-13,3,-1,39.89323438,116.34377116,39.89263916015625,3.7900925,1.71,179.4,
1788410637349,4097052764,136,504990,2097215,460,0,-92,-13,3,-1,39.89326387,116.34377339,39.32659912109375,3.7900925,1.92,179.5,
1788410635331,4097052764,136,504990,2097215,460,0,-92,-13,3,-1,39.89330257,116.34377291,38.70233154296875,3.7900925,1.54,176.2,
1788410633897,4097052764,136,504990,2097215,460,0,-92,-13,3,-1,39.89331744,116.34377192,38.6483154296875,3.7900925,1.15,175.0,
1788410633322,4096999427,195,504990,2097215,460,0,-95,-14,3,-1,39.89332933,116.34377081,38.24365234375,3.7900925,1.15,170.2,
1788410631215,4096999427,195,504990,2097215,460,0,-95,-14,3,-1,39.8933505,116.34376852,38.42108154296875,3.7900925,1.17,178.2,
1788410629204,4096999427,195,504990,2097215,460,0,-95,-14,3,-1,39.89337169,116.34376714,38.47491455078125,3.7900925,1.2,175.0,
1788410626466,4096999427,195,504990,2097215,460,0,-95,-14,3,-1,39.89340628,116.34376608,38.9737548828125,3.7900925,1.25,179.3,
1788410624448,4096999427,195,504990,2097215,460,0,-95,-14,3,-1,39.89342942,116.34376717,39.24261474609375,3.7900925,1.24,182.6,
1788410623837,4096999427,195,504990,2097215,460,0,-95,-14,3,-1,39.89342942,116.34376717,39.24261474609375,3.7900925,1.24,182.6,
1788410622429,4097097730,199,504990,2097215,460,0,-87,-11,9,-1,39.89345311,116.34376732,39.23748779296875,3.7900925,1.24,181.5,
1788410620410,4097097730,199,504990,2097215,460,0,-87,-11,9,-1,39.89347792,116.34376698,39.18963623046875,3.7900925,1.28,175.5,
1788410618313,4097097730,199,504990,2097215,460,0,-87,-11,9,-1,39.89350322,116.34376467,39.23553466796875,3.7900925,1.1,182.2,
1788410616297,4097097730,199,504990,2097215,460,0,-87,-11,9,-1,39.89352803,116.34376324,39.08465576171875,3.7900925,1.1,177.4,
1788410614281,4097097730,199,504990,2097215,460,0,-87,-11,9,-1,39.89354733,116.34376455,39.87554931640625,3.7900925,1.02,170.8,
1788410613038,4097097730,199,504990,2097215,460,0,-87,-11,9,-1,39.89355596,116.34376271,39.38409423828125,3.7900925,1.13,178.2,
1788410612272,5649670147,195,504990,2097215,460,0,-91,-13,4,-1,39.89356716,116.34376223,39.117431640625,3.7900925,1.12,170.7,
1788410609932,5649670147,195,504990,2097215,460,0,-91,-13,4,-1,39.89358788,116.34376032,39.59429931640625,3.7900925,1.11,180.6,
1788410607922,5649670147,195,504990,2097215,460,0,-91,-13,4,-1,39.89360812,116.34375956,39.5013427734375,3.7900925,1.12,173.6,
1788410605910,5649670147,195,504990,2097215,460,0,-91,-13,4,-1,39.8936286,116.34375971,40.01605224609375,3.7900925,1.2,172.1,
1788410603893,5649670147,195,504990,2097215,460,0,-91,-13,4,-1,39.89364762,116.34375741,39.77398681640625,3.7900925,1.11,178.7,
1788410602715,5649670147,195,504990,2097215,460,0,-91,-13,4,-1,39.89366806,116.34375591,39.04522705078125,3.7900925,1.35,178.5,
1788410601879,4097097730,199,504990,2097215,460,0,-88,-12,11,-1,39.89366806,116.34375591,39.04522705078125,3.7900925,1.35,178.5,
1788410599864,4097097730,199,504990,2097215,460,0,-88,-12,11,-1,39.89369409,116.34375242,38.2403564453125,3.7900925,1.44,175.7,
1788410597857,4097097730,199,504990,2097215,460,0,-88,-12,11,-1,39.89373173,116.34375177,38.68328857421875,3.7900925,1.15,176.5,
1788410595106,4097097730,199,504990,2097215,460,0,-88,-12,11,-1,39.89375184,116.34375109,38.80108642578125,3.7900925,1.09,181.8,
1788410593093,4097097730,199,504990,2097215,460,0,-88,-12,11,-1,39.89377166,116.34375303,39.6263427734375,3.7900925,1.13,168.8,
1788410592025,4097097730,199,504990,2097215,460,0,-88,-12,11,-1,39.89378209,116.34375071,39.6385498046875,3.7900925,1.14,176.3,
1788410590522,4097097730,199,504990,2097215,460,0,-87,-13,2,-1,39.893804,116.34374991,39.83612060546875,3.7900925,1.04,179.7,
1788410588420,4097097730,199,504990,2097215,460,0,-87,-13,2,-1,39.89382421,116.34374837,39.82830810546875,3.7900925,1.01,171.1,
1788410586410,4097097730,199,504990,2097215,460,0,-87,-13,2,-1,39.89384386,116.34374535,39.998291015625,3.7900925,1.09,170.9,
1788410584390,4097097730,199,504990,2097215,460,0,-87,-13,2,-1,39.89386421,116.34374,39.90118408203125,3.7900925,1.13,180.0,
1788410582373,4097097730,199,504990,2097215,460,0,-87,-13,2,-1,39.89388346,116.34374035,39.15167236328125,3.7900925,1.11,184.1,
1788410581048,4097097730,199,504990,2097215,460,0,-87,-13,2,-1,39.89389399,116.34374201,38.52850341796875,3.7900925,1.1,172.7,
1788410579418,4097097730,199,504990,2097215,460,0,-89,-14,1,-1,39.89391474,116.34373944,37.980712890625,3.7900925,1.08,183.6,
1788410576947,4097097730,199,504990,2097215,460,0,-89,-14,1,-1,39.89393684,116.34374242,38.36578369140625,3.7900925,1.11,171.1,
1788410574938,4097097730,199,504990,2097215,460,0,-89,-14,1,-1,39.89396968,116.34373779,38.395263671875,3.7900925,1.13,174.1,
1788410572841,4097097730,199,504990,2097215,460,0,-89,-14,1,-1,39.89398091,116.34373677,38.41015625,3.7900925,1.05,180.5,
1788410570839,4097097730,199,504990,2097215,460,0,-89,-14,1,-1,39.89400267,116.34373706,38.18255615234375,3.7900925,1.05,173.3,
1788410570835,4097097730,199,504990,2097215,460,0,-89,-14,1,-1,39.89400267,116.34373706,38.18255615234375,3.7900925,1.05,173.3,
1788410568827,4097097730,199,504990,2097215,460,0,-90,-14,5,-1,39.89402207,116.34373313,38.3009033203125,3.7900925,1.06,177.5,
1788410566815,4097097730,199,504990,2097215,460,0,-90,-14,5,-1,39.89403988,116.34372655,37.7857666015625,3.7900925,1.06,175.6,
1788410564805,4097097730,199,504990,2097215,460,0,-90,-14,5,-1,39.89406913,116.34372402,38.090087890625,3.7900925,1.05,187.2,
1788410562753,4097097730,199,504990,2097215,460,0,-90,-14,5,-1,39.89408732,116.34372697,38.047607421875,3.7900925,1.06,165.9,
1788410560829,4097097730,199,504990,2097215,460,0,-90,-14,5,-1,39.89409666,116.34372656,38.45147705078125,3.7900925,1.11,169.9,
1788410560735,4097097730,199,504990,2097215,460,0,-86,-12,4,-1,39.89410692,116.34372508,38.1822509765625,3.7900925,1.13,175.0,
1788410558716,4097097730,199,504990,2097215,460,0,-86,-12,4,-1,39.89412811,116.34372387,38.2872314453125,3.7900925,1.06,182.0,
1788410556699,4097097730,199,504990,2097215,460,0,-86,-12,4,-1,39.89414923,116.34372333,38.61468505859375,3.7900925,1.13,185.4,
1788410554675,4097097730,199,504990,2097215,460,0,-86,-12,4,-1,39.89416991,116.34372445,38.85321044921875,3.7900925,1.09,176.7,
1788410552669,4097097730,199,504990,2097215,460,0,-86,-12,4,-1,39.89418827,116.3437219,38.51544189453125,3.7900925,1.09,173.4,
1788410550501,4097097730,199,504990,2097215,460,0,-86,-12,4,-1,39.89420724,116.34371915,38.7086181640625,3.7900925,1.12,178.8,
1788410549942,4097097730,199,504990,2097215,460,0,-86,-12,4,-1,39.89420724,116.34371915,38.7086181640625,3.7900925,1.12,178.8,
1788410548312,4097097730,199,504990,2097215,460,0,-84,-13,2,-1,39.89422971,116.34371725,38.72882080078125,3.7900925,1.15,172.4,
1788410545626,4097097730,199,504990,2097215,460,0,-84,-13,2,-1,39.89426255,116.34371427,39.14788818359375,3.7900925,1.22,184.0,
1788410543295,4097097730,199,504990,2097215,460,0,-84,-13,2,-1,39.8942851,116.34371408,39.01068115234375,3.7900925,1.21,170.0,
1788410541278,4097097730,199,504990,2097215,460,0,-84,-13,2,-1,39.89430849,116.34371095,38.912841796875,3.7900925,1.28,175.8,
1788410539837,4097097730,199,504990,2097215,460,0,-84,-13,2,-1,39.89432088,116.34370976,39.1300048828125,3.7900925,1.21,190.2,
1788410539258,4097097730,199,504990,2097215,460,0,-82,-14,4,-1,39.89433233,116.34371194,39.22113037109375,3.7900925,1.2,182.5,
1788410537241,4097097730,199,504990,2097215,460,0,-82,-14,4,-1,39.89435434,116.34371115,39.64129638671875,3.7900925,1.13,172.4,
1788410535226,4097097730,199,504990,2097215,460,0,-82,-14,4,-1,39.89437392,116.34370937,39.7791748046875,3.7900925,1.12,181.4,
1788410533207,4097097730,199,504990,2097215,460,0,-82,-14,4,-1,39.89439416,116.3437113,39.7164306640625,3.7900925,1.18,187.4,
1788410531070,4097097730,199,504990,2097215,460,0,-82,-14,4,-1,39.89441321,116.34371636,39.36065673828125,3.7900925,1.12,190.5,
1788410529837,4097097730,199,504990,2097215,460,0,-82,-14,4,-1,39.89442375,116.34371834,39.260498046875,3.7900925,1.11,192.0,
1788410529064,4097097730,199,504990,2097215,460,0,-82,-12,10,-1,39.89443452,116.34372195,39.19329833984375,3.7900925,1.06,185.1,
1788410527046,4097097730,199,504990,2097215,460,0,-82,-12,10,-1,39.89445141,116.34372424,39.180908203125,3.7900925,1.1,176.6,
1788410525035,4097097730,199,504990,2097215,460,0,-82,-12,10,-1,39.8944668,116.34372281,38.92431640625,3.7900925,1.07,184.5,
1788410523021,4097097730,199,504990,2097215,460,0,-82,-12,10,-1,39.89448474,116.34372917,39.85064697265625,3.7900925,1.06,183.8,
1788410521002,4097097730,199,504990,2097215,460,0,-82,-12,10,-1,39.8945009,116.34373372,39.66461181640625,3.7900925,1.06,182.0,
1788410519551,4097097730,199,504990,2097215,460,0,-82,-12,10,-1,39.89451932,116.34373823,39.9989013671875,3.7900925,1.07,181.3,
1788410518987,4097097730,199,504990,2097215,460,0,-71,-11,20,-1,39.89451932,116.34373823,39.9989013671875,3.7900925,1.07,181.3,
1788410516978,4097097730,199,504990,2097215,460,0,-71,-11,20,-1,39.89453761,116.34374235,40.228515625,3.7900925,1.08,178.8,
1788410514967,4097097730,199,504990,2097215,460,0,-71,-11,20,-1,39.89455473,116.34374973,40.97637939453125,3.7900925,1.08,187.5,
1788410512961,4097097730,199,504990,2097215,460,0,-71,-11,20,-1,39.89457099,116.34375717,41.008544921875,3.7900925,1.1,186.1,
1788410510950,4097097730,199,504990,2097215,460,0,-71,-11,20,-1,39.89459623,116.34377576,41.81024169921875,3.7900925,1.12,174.9,
1788410509072,4097097730,199,504990,2097215,460,0,-71,-11,20,-1,39.89460328,116.34378793,43.7908935546875,3.7900925,1.13,184.9,
1788410508269,4097097730,199,504990,2097215,460,0,-78,-11,9,-1,39.89461354,116.34379132,43.33349609375,3.7900925,1.08,184.3,
1788410506252,4097097730,199,504990,2097215,460,0,-78,-11,9,-1,39.89463437,116.34379831,43.7933349609375,3.7900925,1.06,223.8,
1788410504237,4097097730,199,504990,2097215,460,0,-78,-11,9,-1,39.89464606,116.3438168,44.6083984375,3.7900925,1.07,257.8,
1788410500209,4097097730,199,504990,2097215,460,0,-78,-11,9,-1,39.89467344,116.34385445,45.0611572265625,3.7900925,1.13,193.8,
1788410499035,4097097730,199,504990,2097215,460,0,-78,-11,9,-1,39.89468257,116.3438577,45.48980712890625,3.7900925,1.09,177.6,
1788410498188,4097097730,199,504990,2097215,460,0,-75,-11,13,-1,39.89469093,116.34385743,45.5770263671875,3.7900925,1.08,180.8,
1788410496166,4097097730,199,504990,2097215,460,0,-75,-11,13,-1,39.89470928,116.34385847,46.1851806640625,3.7900925,1.07,174.9,
1788410494149,4097097730,199,504990,2097215,460,0,-75,-11,13,-1,39.89472759,116.34385477,46.1619873046875,3.7900925,1.16,177.2,
1788410492127,4097097730,199,504990,2097215,460,0,-75,-11,13,-1,39.89474693,116.34385743,46.816650390625,3.7900925,1.06,196.5,
1788410490114,4097097730,199,504990,2097215,460,0,-75,-11,13,-1,39.89476713,116.34386376,46.75592041015625,3.7900925,1.1,202.6,
1788410488973,4097097730,199,504990,2097215,460,0,-75,-11,13,-1,39.89477489,116.34386943,47.88836669921875,3.7900925,1.09,214.5,
1788410488098,4097097730,199,504990,2097215,460,0,-69,-11,18,-1,39.89478213,116.34387672,47.9254150390625,3.7900925,1.12,200.8,
1788410486081,4097097730,199,504990,2097215,460,0,-69,-11,18,-1,39.89479782,116.3438875,48.4891357421875,3.7900925,1.07,237.4,
1788410484061,4097097730,199,504990,2097215,460,0,-69,-11,18,-1,39.89480492,116.34390956,48.6298828125,3.7900925,1.06,238.3,
1788410480038,4097097730,199,504990,2097215,460,0,-69,-11,18,-1,39.89483854,116.34393579,48.38665771484375,3.7900925,1.12,210.6,
1788410478846,4097097730,199,504990,2097215,460,0,-69,-11,18,-1,39.89484686,116.34394432,48.2882080078125,3.7900925,1.17,210.2,
1788410478009,4097097730,199,504990,2097215,460,0,-65,-11,16,-1,39.8948558,116.34395482,48.134033203125,3.7900925,1.26,221.7,
1788410475997,4097097730,199,504990,2097215,460,0,-65,-11,16,-1,39.8948722,116.3439855,47.78900146484375,3.7900925,1.23,238.7,
1788410473983,4097097730,199,504990,2097215,460,0,-65,-11,16,-1,39.8948845,116.34401968,48.5386962890625,3.7900925,1.03,249.3,
1788410471975,4097097730,199,504990,2097215,460,0,-65,-11,16,-1,39.89489628,116.34406475,48.344482421875,3.7900925,1.12,228.5,
1788410469961,4097097730,199,504990,2097215,460,0,-65,-11,16,-1,39.89490477,116.34408676,48.58099365234375,9.935046,1.08,241.7,
1788410468464,4097097730,199,504990,2097215,460,0,-65,-11,16,-1,39.89490889,116.34409754,48.082275390625,9.935046,1.04,270.1,
1788410467644,4097097730,199,504990,2097215,460,0,-87,-12,6,-1,39.89491169,116.34411264,48.3424072265625,9.935046,1.06,264.4,
1788410464502,4097097730,199,504990,2097215,460,0,-87,-12,6,-1,39.89491832,116.34417582,49.50396728515625,3.7900925,0.98,261.1,
1788410462483,4097097730,199,504990,2097215,460,0,-87,-12,6,-1,39.89491971,116.34421263,50.381591796875,3.7900925,0.94,249.7,
1788410460465,4097097730,199,504990,2097215,460,0,-87,-12,6,-1,39.89492864,116.34425409,51.83465576171875,3.7900925,0.87,254.1,
1788410458364,4097097730,199,504990,2097215,460,0,-87,-12,6,-1,39.89495009,116.34428912,52.09320068359375,3.8582613,0.89,272.1,
1788410457135,4097097730,199,504990,2097215,460,0,-87,-12,6,-1,39.89495103,116.3442992,51.8800048828125,3.7992308,1.0,269.3,
1788410455966,4097097730,199,504990,2097215,460,0,-85,-11,10,-1,39.89495823,116.34432132,51.757568359375,3.7900925,0.94,268.8,
1788410452765,4097097730,199,504990,2097215,460,0,-85,-11,10,-1,39.89496623,116.34435312,51.2835693359375,3.7900925,1.05,242.6,
1788410449942,4097097730,199,504990,2097215,460,0,-85,-11,10,-1,39.89498344,116.3443847,50.294677734375,3.7900925,1.01,270.0,
1788410447290,4097097730,199,504990,2097215,460,0,-85,-11,10,-1,39.89499174,116.34440549,50.6170654296875,3.7900925,1.04,253.2,
1788410447067,4097097730,199,504990,2097215,460,0,-85,-11,10,-1,39.89499174,116.34440549,50.6170654296875,3.7900925,1.04,253.2,
1788410442320,4097097730,199,504990,2097215,460,0,-86,-11,11,-1,39.89501649,116.34444287,49.333984375,3.7900925,1.0,250.8,
1788410440301,4097097730,199,504990,2097215,460,0,-86,-11,11,-1,39.89502332,116.34446718,48.62554931640625,3.7900925,1.02,237.8,
1788410438273,4097097730,199,504990,2097215,460,0,-86,-11,11,-1,39.89502992,116.34448787,47.586181640625,3.7900925,1.1,219.5,
1788410436845,4097097730,199,504990,2097215,460,0,-86,-11,11,-1,39.89503751,116.34449679,46.94610595703125,3.7900925,1.2,216.9,
1788410436013,4097097730,199,504990,2097215,460,0,-74,-11,14,-1,39.89504542,116.34450488,46.1544189453125,3.7900925,1.16,190.3,
1788410433997,4097097730,199,504990,2097215,460,0,-74,-11,14,-1,39.89506653,116.34451841,43.9742431640625,3.7900925,1.34,189.1,
1788410431983,4097097730,199,504990,2097215,460,0,-74,-11,14,-1,39.89509741,116.34453607,42.191162109375,3.7900925,1.38,185.3,
1788410429965,4097097730,199,504990,2097215,460,0,-74,-11,14,-1,39.89513427,116.3445578,41.30859375,3.7900925,1.04,161.4,
1788410427946,4097097730,199,504990,2097215,460,0,-74,-11,14,-1,39.89516574,116.34455777,38.46258544921875,3.7900925,1.13,114.3,
1788410425880,4097097730,199,504990,2097215,460,0,-74,-11,14,-1,39.89518394,116.34453535,37.81732177734375,3.7900925,0.75,132.8,
1788410423919,4097097730,199,504990,2097215,460,0,-80,-11,5,-1,39.89520313,116.34451678,37.1142578125,3.7900925,0.88,154.2,
1788410421898,4097097730,199,504990,2097215,460,0,-80,-11,5,-1,39.89522913,116.3445122,38.9683837890625,3.951506,0.56,174.4,
1788410419878,4097097730,199,504990,2097215,460,0,-80,-11,5,-1,39.89524492,116.34450763,40.15753173828125,4.2599535,0.54,130.9,
1788410417859,4097097730,199,504990,2097215,460,0,-80,-11,5,-1,39.89525024,116.34450833,40.04345703125,4.3497424,0.0,0.0,
1788410415850,4097097730,199,504990,2097215,460,0,-80,-11,5,-1,39.89525872,116.34451998,37.98980712890625,4.68911,0.86,118.0,
1788410415828,4097097730,199,504990,2097215,460,0,-80,-11,5,-1,39.89525872,116.34451998,37.98980712890625,4.68911,0.86,118.0,
1788410413845,4109111297,747,504990,2097215,460,0,-83,-13,0,-1,39.89525383,116.34449863,38.65545654296875,4.4421153,0.0,0.0,
1788410411838,4109111297,747,504990,2097215,460,0,-83,-13,0,-1,39.89525379,116.34446838,38.321533203125,4.808701,1.74,90.8,
1788410410522,4109111297,747,504990,2097215,460,0,-83,-13,0,-1,39.89524734,116.34440742,37.8258056640625,4.685027,0.65,201.6,
1788410409828,4109111297,747,504990,2097215,460,0,-83,-13,0,-1,39.89524734,116.34440742,37.8258056640625,4.685027,0.65,201.6,
1788410407825,4109111297,747,504990,2097215,460,0,-83,-13,0,-1,39.89524848,116.3444156,47.6376953125,4.1746297,0.61,204.3,
1788410407521,4109111297,747,504990,2097215,460,0,-83,-13,0,-1,39.89525249,116.34439547,50.8975830078125,5.127575,0.51,181.3,
1788410405849,4109111297,747,504990,2097215,460,0,-83,-13,0,-1,39.89525035,116.3443572,56.409423828125,6.845025,0.47,44.4,
1788410405818,4109111297,747,504990,2097215,460,0,-83,-13,0,-1,39.89525035,116.3443572,56.409423828125,6.845025,0.47,44.4,
1788402728189,4109205507,667,504990,2097215,460,0,-90,-11,25,-1,39.89529774,116.34480513,36.55902099609375,8.235264,0.0,0.0,
1788402726849,4109205507,667,504990,2097215,460,0,-90,-11,25,-1,39.89529774,116.34480513,36.55902099609375,8.235264,0.0,0.0,
1788402726177,4109205507,667,504990,2097215,460,0,-87,-11,26,-1,39.89529774,116.34480513,36.55902099609375,8.235264,0.0,0.0,
1788402724839,4109205507,667,504990,2097215,460,0,-87,-11,26,-1,39.89529774,116.34480513,36.55902099609375,8.235264,0.0,0.0,
1788402724171,4109205507,667,504990,2097215,460,0,-93,-11,26,-1,39.89529774,116.34480513,36.55902099609375,8.235264,0.0,0.0,
1788402721860,4109205507,667,504990,2097215,460,0,-93,-11,26,-1,39.89529453,116.34480139,36.17144775390625,3.8952088,5.26,117.5,
1788402720389,4109111297,747,504990,2097215,460,0,-81,-11,17,-1,39.89529453,116.34480139,36.17144775390625,3.8952088,5.26,117.5,
1788402720157,4109111297,747,504990,2097215,460,0,-81,-11,17,-1,39.89529453,116.34480139,36.17144775390625,3.8952088,5.26,117.5,
1788402718151,4109111297,747,504990,2097215,460,0,-81,-11,17,-1,39.89529453,116.34480139,36.17144775390625,3.8952088,5.26,117.5,
1788402717389,4109111297,747,504990,2097215,460,0,-81,-11,17,-1,39.89529453,116.34480139,36.17144775390625,3.8952088,5.26,117.5,
1788402716141,4109111297,747,504990,2097215,460,0,-81,-11,17,-1,39.89529453,116.34480139,36.17144775390625,3.8952088,5.26,117.5,
1788402714388,4109111297,747,504990,2097215,460,0,-81,-11,17,-1,39.89529453,116.34480139,36.17144775390625,3.8952088,5.26,117.5,
1788402714134,4109111297,747,504990,2097215,460,0,-81,-11,17,-1,39.89529453,116.34480139,36.17144775390625,3.8952088,5.26,117.5,
1788402712124,4109111297,747,504990,2097215,460,0,-81,-11,17,-1,39.89529453,116.34480139,36.17144775390625,3.8952088,5.26,117.5,
1788402711861,4109111297,747,504990,2097215,460,0,-81,-11,17,-1,39.89529453,116.34480139,36.17144775390625,3.8952088,5.26,117.5,
1788402710111,4109111297,747,504990,2097215,460,0,-82,-11,12,-1,39.89534386,116.34477274,34.30364990234375,3.8971107,1.68,266.3,
1788402708100,4109111297,747,504990,2097215,460,0,-82,-11,12,-1,39.89535471,116.34481851,34.987060546875,3.9447255,1.65,183.1,
1788402706089,4109111297,747,504990,2097215,460,0,-82,-11,12,-1,39.89538356,116.34481369,37.0340576171875,3.938964,1.54,182.2,
1788402705379,4109111297,747,504990,2097215,460,0,-82,-11,12,-1,39.89539748,116.34481452,37.19683837890625,3.9411798,1.55,185.1,
1788402704070,4109111297,747,504990,2097215,460,0,-82,-11,12,-1,39.89541153,116.34481672,37.35968017578125,3.9468262,1.57,193.7,
1788402702064,4109111297,747,504990,2097215,460,0,-82,-11,12,-1,39.89543997,116.34482256,37.4593505859375,3.9407134,1.53,162.4,
1788402701862,4109111297,747,504990,2097215,460,0,-82,-11,12,-1,39.89543997,116.34482256,37.4593505859375,3.9407134,1.53,162.4,
1788402700051,4109111297,747,504990,2097215,460,0,-74,-11,22,-1,39.89546975,116.34480778,38.42236328125,3.9390929,1.96,108.5,
1788402698039,4109111297,747,504990,2097215,460,0,-74,-11,22,-1,39.89546965,116.34476575,36.60003662109375,3.8514764,1.5,27.3,
1788402696351,4109111297,747,504990,2097215,460,0,-74,-11,22,-1,39.89544538,116.34475078,36.4971923828125,3.7900925,1.51,27.0,
1788402696030,4109111297,747,504990,2097215,460,0,-74,-11,22,-1,39.89544538,116.34475078,36.4971923828125,3.7900925,1.51,27.0,
1788402694021,4109111297,747,504990,2097215,460,0,-74,-11,22,-1,39.89542044,116.34473901,35.6009521484375,3.7900925,1.47,8.3,
1788402693345,4109111297,747,504990,2097215,460,0,-74,-11,22,-1,39.89540741,116.3447365,35.44952392578125,3.7900925,1.46,12.1,
1788402692013,4109111297,747,504990,2097215,460,0,-74,-11,22,-1,39.89539477,116.34473286,34.99395751953125,3.7900925,1.46,8.2,
1788402690865,4109111297,747,504990,2097215,460,0,-74,-11,22,-1,39.89538183,116.34473055,35.3585205078125,3.7900925,1.46,10.2,
1788402690005,4109111297,747,504990,2097215,460,0,-65,-11,22,-1,39.89536887,116.34472745,34.47796630859375,3.7900925,1.46,9.8,
1788402687998,4109111297,747,504990,2097215,460,0,-65,-11,22,-1,39.89534288,116.34472157,34.4432373046875,3.7900925,1.44,13.1,
1788402685989,4109111297,747,504990,2097215,460,0,-65,-11,22,-1,39.89531762,116.34471367,34.4189453125,3.7900925,1.47,16.3,
1788402683978,4109111297,747,504990,2097215,460,0,-65,-11,22,-1,39.89529157,116.34470095,34.6845703125,3.7900925,1.38,52.1,
1788402681968,4109111297,747,504990,2097215,460,0,-65,-11,22,-1,39.89527428,116.34467705,35.716064453125,3.7900925,1.33,67.0,
1788402681319,4109111297,747,504990,2097215,460,0,-65,-11,22,-1,39.89526648,116.34466445,35.51019287109375,3.7900925,1.37,60.4,
1788402680863,4109111297,747,504990,2097215,460,0,-65,-11,22,-1,39.89526648,116.34466445,35.51019287109375,3.7900925,1.37,60.4,
1788402679957,4097097730,199,504990,2097215,460,0,-73,-12,8,-1,39.89525738,116.34464952,35.831787109375,3.7900925,1.77,64.9,
1788402678307,4097097730,199,504990,2097215,460,0,-73,-12,8,-1,39.89525321,116.34461409,35.72772216796875,3.7900925,1.64,115.1,
1788402677947,4097097730,199,504990,2097215,460,0,-73,-12,8,-1,39.89525321,116.34461409,35.72772216796875,3.7900925,1.64,115.1,
1788402675940,4097097730,199,504990,2097215,460,0,-73,-12,8,-1,39.89527442,116.34459367,35.8641357421875,3.7900925,1.45,185.5,
1788402673933,4097097730,199,504990,2097215,460,0,-73,-12,8,-1,39.89531635,116.34460882,36.28936767578125,3.7900925,3.46,131.0,
1788402672297,4097097730,199,504990,2097215,460,0,-73,-12,8,-1,39.89533466,116.34456446,36.36846923828125,3.7900925,1.61,41.4,
1788402671923,4097097730,199,504990,2097215,460,0,-73,-12,8,-1,39.89533466,116.34456446,36.36846923828125,3.7900925,1.61,41.4,
1788402670846,4097097730,199,504990,2097215,460,0,-73,-12,8,-1,39.89532224,116.34455395,36.53753662109375,3.7900925,1.7,54.0,
1788402669914,4097097730,199,504990,2097215,460,0,-78,-12,10,-1,39.89531159,116.34453812,37.22210693359375,3.7900925,1.59,30.7,
1788402667907,4097097730,199,504990,2097215,460,0,-78,-12,10,-1,39.8952805,116.34452552,37.6368408203125,3.7900925,1.57,27.5,
1788402666288,4097097730,199,504990,2097215,460,0,-78,-12,10,-1,39.8952539,116.34451523,37.98468017578125,3.7900925,1.58,11.9,
1788402665899,4097097730,199,504990,2097215,460,0,-78,-12,10,-1,39.8952539,116.34451523,37.98468017578125,3.7900925,1.58,11.9,
1788402663891,4097097730,199,504990,2097215,460,0,-78,-12,10,-1,39.89522617,116.344511,39.53802490234375,3.7900925,1.56,9.0,
1788402663285,4097097730,199,504990,2097215,460,0,-78,-12,10,-1,39.89521137,116.34450652,39.31317138671875,3.7900925,1.55,6.3,
1788402661887,4097097730,199,504990,2097215,460,0,-78,-12,10,-1,39.89519524,116.34450304,39.84185791015625,3.7900925,1.52,357.8,
1788402660877,4097097730,199,504990,2097215,460,0,-78,-12,10,-1,39.89518023,116.34450371,40.59014892578125,3.7900925,1.49,356.8,
1788402659881,4097097730,199,504990,2097215,460,0,-79,-12,8,-1,39.89516611,116.34450499,42.27508544921875,3.7900925,1.52,9.7,
1788402657876,4097097730,199,504990,2097215,460,0,-79,-12,8,-1,39.89513465,116.34449615,41.77496337890625,3.7900925,1.47,15.6,
1788402655871,4097097730,199,504990,2097215,460,0,-79,-12,8,-1,39.89511507,116.34448682,41.75360107421875,3.7900925,1.57,27.6,
1788402653863,4097097730,199,504990,2097215,460,0,-79,-12,8,-1,39.89510612,116.34447342,42.87957763671875,3.856009,1.68,10.3,
1788402651856,4097097730,199,504990,2097215,460,0,-79,-12,8,-1,39.8950808,116.34446755,40.629150390625,3.8815305,1.71,0.2,
1788402651269,4097097730,199,504990,2097215,460,0,-79,-12,8,-1,39.89506536,116.34446974,40.625,3.7900925,1.72,6.7,
1788402649971,4097097730,199,504990,2097215,460,0,-79,-12,8,-1,39.89505038,116.34446655,40.52484130859375,3.7900925,1.74,14.6,
1788402649851,4097097730,199,504990,2097215,460,0,-84,-12,15,-1,39.89505038,116.34446655,40.52484130859375,3.7900925,1.74,14.6,
1788402647975,4097097730,199,504990,2097215,460,0,-84,-12,15,-1,39.89502501,116.34444195,38.0325927734375,3.7900925,1.67,17.9,
1788402647846,4097097730,199,504990,2097215,460,0,-76,-11,13,-1,39.89502501,116.34444195,38.0325927734375,3.7900925,1.67,17.9,
1788402645841,4097097730,199,504990,2097215,460,0,-76,-11,13,-1,39.89499879,116.34442179,38.329833984375,4.2394114,1.49,35.8,
1788402644859,4097097730,199,504990,2097215,460,0,-76,-11,13,-1,39.89498429,116.34441133,38.68682861328125,3.9278674,1.48,41.8,
1788402643834,4097097730,199,504990,2097215,460,0,-70,-11,22,-1,39.89497165,116.34439957,38.7928466796875,3.7900925,1.36,56.9,
1788402642855,4097097730,199,504990,2097215,460,0,-70,-11,22,-1,39.89496276,116.34438502,39.6248779296875,3.7900925,1.35,57.0,
1788402642263,4097097730,199,504990,2097215,460,0,-68,-11,23,-1,39.89495427,116.3443732,39.54644775390625,3.7900925,1.25,49.0,
1788402641830,4097097730,199,504990,2097215,460,0,-68,-11,23,-1,39.89495427,116.3443732,39.54644775390625,3.7900925,1.25,49.0,
1788402640841,4097097730,199,504990,2097215,460,0,-68,-11,23,-1,39.89494524,116.34436203,39.07220458984375,3.7900925,1.06,76.4,
1788402639825,4097097730,199,504990,2097215,460,0,-74,-11,16,-1,39.89494195,116.34435038,39.0697021484375,3.7900925,1.07,92.5,
1788402637943,4097097730,199,504990,2097215,460,0,-74,-11,16,-1,39.89494056,116.34432364,40.49554443359375,3.7900925,1.19,96.7,
1788402637819,4097097730,199,504990,2097215,460,0,-79,-11,9,-1,39.89494056,116.34432364,40.49554443359375,3.7900925,1.19,96.7,
1788402636252,4097097730,199,504990,2097215,460,0,-79,-11,9,-1,39.89493827,116.34429524,40.87677001953125,3.7900925,1.08,92.1,
1788402635929,4097097730,199,504990,2097215,460,0,-79,-11,9,-1,39.89493827,116.34429524,40.87677001953125,3.7900925,1.08,92.1,
1788402635813,4097097730,199,504990,2097215,460,0,-78,-11,14,-1,39.8949385,116.34428108,41.51544189453125,3.7900925,1.17,87.4,
1788402632878,4097097730,199,504990,2097215,460,0,-78,-11,14,-1,39.89494214,116.3442539,41.301025390625,3.7900925,1.15,92.7,
1788402631798,4097097730,199,504990,2097215,460,0,-74,-11,18,-1,39.89494091,116.34422744,41.89508056640625,3.7900925,1.11,85.0,
1788402630246,4097097730,199,504990,2097215,460,0,-74,-11,18,-1,39.89493972,116.34421404,42.153564453125,3.7900925,1.15,86.7,
1788402629912,4097097730,199,504990,2097215,460,0,-74,-11,18,-1,39.89493972,116.34421404,42.153564453125,3.7900925,1.15,86.7,
1788402629790,4097097730,199,504990,2097215,460,0,-67,-11,15,-1,39.89493859,116.34419963,42.45843505859375,3.7900925,1.04,73.8,
1788402627899,4097097730,199,504990,2097215,460,0,-67,-11,15,-1,39.89493556,116.34418664,42.2882080078125,3.7900925,1.1,85.4,
1788402627783,4097097730,199,504990,2097215,460,0,-63,-11,18,-1,39.89493378,116.34417274,42.94219970703125,3.7900925,1.07,94.5,
1788402627242,4097097730,199,504990,2097215,460,0,-63,-11,18,-1,39.89493378,116.34417274,42.94219970703125,3.7900925,1.07,94.5,
1788402625771,4097097730,199,504990,2097215,460,0,-63,-11,18,-1,39.89493648,116.34414579,43.16094970703125,3.7900925,1.14,84.2,
1788402624854,4097097730,199,504990,2097215,460,0,-63,-11,18,-1,39.89493648,116.34414579,43.16094970703125,3.7900925,1.14,84.2,
1788402624235,4097097730,199,504990,2097215,460,0,-59,-11,24,-1,39.89493634,116.34413165,43.5472412109375,3.7900925,1.11,83.2,
1788402622853,4097097730,199,504990,2097215,460,0,-59,-11,24,-1,39.89493647,116.34411901,43.1893310546875,3.7900925,1.08,82.2,
1788402621754,4097097730,199,504990,2097215,460,0,-61,-11,24,-1,39.89493929,116.34410115,41.923828125,3.7900925,1.06,103.7,
1788402620846,4097097730,199,504990,2097215,460,0,-61,-11,24,-1,39.89493929,116.34410115,41.923828125,3.7900925,1.06,103.7,
1788402619747,4097097730,199,504990,2097215,460,0,-60,-11,22,-1,39.89494669,116.34407528,42.17059326171875,3.7900925,1.18,93.2,
1788402618863,4097097730,199,504990,2097215,460,0,-60,-11,22,-1,39.89494669,116.34407528,42.17059326171875,3.7900925,1.18,93.2,
1788402618222,4097097730,199,504990,2097215,460,0,-60,-11,21,-1,39.89494773,116.34405983,42.1942138671875,3.7900925,1.23,86.6,
1788402617739,4097097730,199,504990,2097215,460,0,-60,-11,21,-1,39.89494647,116.3440453,42.46917724609375,3.7900925,1.14,86.4,
1788402615877,4097097730,199,504990,2097215,460,0,-60,-11,21,-1,39.89494631,116.34403127,42.41363525390625,3.7900925,1.23,83.4,
1788402615732,4097097730,199,504990,2097215,460,0,-58,-11,27,-1,39.89494456,116.34401626,42.9114990234375,3.7900925,1.2,67.8,
1788402613881,4097097730,199,504990,2097215,460,0,-58,-11,27,-1,39.89493966,116.34400319,43.57501220703125,3.7900925,1.17,55.0,
1788402613718,4097097730,199,504990,2097215,460,0,-58,-11,28,-1,39.89493254,116.34399196,44.3619384765625,3.7900925,1.31,48.5,
1788402611709,4097097730,199,504990,2097215,460,0,-63,-11,21,-1,39.89491296,116.34397295,44.8448486328125,3.7900925,1.27,22.1,
1788402609846,4097097730,199,504990,2097215,460,0,-63,-11,21,-1,39.89490132,116.34396902,44.3065185546875,3.7900925,1.23,14.1,
1788402609701,4097097730,199,504990,2097215,460,0,-63,-11,26,-1,39.89488881,116.34396705,44.4840087890625,3.7900925,1.24,11.9,
1788402609210,4097097730,199,504990,2097215,460,0,-63,-11,26,-1,39.89488881,116.34396705,44.4840087890625,3.7900925,1.24,11.9,
1788402607850,4097097730,199,504990,2097215,460,0,-63,-11,26,-1,39.89487662,116.34396463,43.99237060546875,3.7900925,1.18,25.6,
1788402607688,4097097730,199,504990,2097215,460,0,-71,-11,11,-1,39.89486727,116.34395717,44.31195068359375,3.7900925,1.02,67.2,
1788402606207,4097097730,199,504990,2097215,460,0,-71,-11,11,-1,39.89486457,116.34394517,43.3218994140625,3.7900925,1.38,59.7,
1788402605675,4097097730,199,504990,2097215,460,0,-71,-11,11,-1,39.89485685,116.34393709,43.32867431640625,3.7900925,1.07,25.3,
1788402604852,4097097730,199,504990,2097215,460,0,-71,-11,11,-1,39.89485685,116.34393709,43.32867431640625,3.7900925,1.07,25.3,
1788402603667,4097097730,199,504990,2097215,460,0,-75,-11,17,-1,39.89483522,116.34392765,42.72833251953125,3.8027914,1.06,67.0,
1788402603203,4097097730,199,504990,2097215,460,0,-75,-11,17,-1,39.89483522,116.34392765,42.72833251953125,3.8027914,1.06,67.0,
1788402602837,4097097730,199,504990,2097215,460,0,-75,-11,17,-1,39.89483522,116.34392765,42.72833251953125,3.8027914,1.06,67.0,
1788402559015,4097097730,199,504990,2097215,460,0,-77,-11,7,-1,39.8948194,116.34386763,37.28240966796875,5.0053983,0.0,0.0,
1788402558165,4097097730,199,504990,2097215,460,0,-77,-11,7,-1,39.89481577,116.34387411,37.18927001953125,5.230356,0.0,0.0,
1788402557290,4097097730,199,504990,2097215,460,0,-77,-11,7,-1,39.89482135,116.34387463,37.47833251953125,5.3613873,0.0,0.0,
1788402557009,4097097730,199,504990,2097215,460,0,-78,-11,8,-1,39.89482135,116.34387463,37.47833251953125,5.3613873,0.0,0.0,
1788402555317,4097097730,199,504990,2097215,460,0,-78,-11,8,-1,39.89482329,116.34388214,36.96142578125,6.6339493,0.0,0.0,
1788402555007,4097097730,199,504990,2097215,460,0,-81,-11,18,-1,39.89482329,116.34388214,36.96142578125,6.6339493,0.0,0.0,
1788402552991,4097097730,199,504990,2097215,460,0,-81,-11,18,-1,39.89481991,116.34390581,36.90850830078125,14.008422,1.3,119.9,
1788402551867,4097097730,199,504990,2097215,460,0,-81,-11,18,-1,39.89481206,116.34390998,36.1656494140625,13.144382,4.41,166.3,
1788402550977,4097097729,135,504990,2097215,460,0,-82,-14,-6,-1,39.89484769,116.34389137,36.00689697265625,11.326266,4.99,172.2,
1788402548970,4097097729,135,504990,2097215,460,0,-82,-14,-6,-1,39.89501104,116.34384321,37.1741943359375,8.642367,4.61,170.1,
1788402545955,4097097729,135,504990,2097215,460,0,-82,-14,-6,-1,39.89513395,116.34380189,39.74481201171875,5.980342,3.43,172.7,
1788402542720,4097097729,135,504990,2097215,460,0,-82,-14,-6,-1,39.89526244,116.343763,43.6270751953125,4.969753,4.05,212.9,
1788402540867,4097097729,135,504990,2097215,460,0,-82,-14,-6,-1,39.89529875,116.34377832,43.5789794921875,4.376838,3.37,215.4,
1788402540047,4097097729,135,504990,2097215,460,0,-72,-11,16,-1,39.89533017,116.34377947,43.567138671875,4.0095134,2.77,171.7,
1788402538028,4097097729,135,504990,2097215,460,0,-72,-11,16,-1,39.89538337,116.34378243,44.3984375,3.8941224,2.89,219.3,
1788402534955,4097097729,135,504990,2097215,460,0,-72,-11,16,-1,39.89544989,116.34386822,44.8775634765625,3.7900925,1.61,219.4,
1788402531972,4097097729,135,504990,2097215,460,0,-72,-11,16,-1,39.89546396,116.34386577,43.5037841796875,3.7900925,0.68,191.8,
1788402530860,4097097729,135,504990,2097215,460,0,-72,-11,16,-1,39.89546396,116.34386577,43.5037841796875,3.7900925,0.68,191.8,
1788402528956,4097097729,135,504990,2097215,460,0,-76,-11,18,-1,39.89551951,116.34387358,43.78497314453125,3.7900925,4.83,183.2,
1788402525975,4097097729,135,504990,2097215,460,0,-76,-11,18,-1,39.89568014,116.34385525,43.72613525390625,3.7900925,6.8,177.4,
1788402522883,4097097729,135,504990,2097215,460,0,-76,-11,18,-1,39.89586645,116.34384415,43.65484619140625,3.7900925,6.73,175.8,
1788402520216,4097097729,135,504990,2097215,460,0,-76,-11,18,-1,39.89598946,116.34384331,43.37078857421875,3.7900925,6.35,193.1,
1788402519995,4097048579,647,504990,2097215,460,0,-75,-11,17,-1,39.89604563,116.34385916,43.4466552734375,3.7900925,6.0,198.5,
1788402516974,4097048579,647,504990,2097215,460,0,-75,-11,17,-1,39.89618012,116.34396589,42.47589111328125,3.7900925,6.4,235.5,
1788402513969,4097048579,647,504990,2097215,460,0,-75,-11,17,-1,39.8962456,116.34418511,43.7919921875,3.7900925,6.98,263.5,
1788402510998,4097048579,647,504990,2097215,460,0,-75,-11,17,-1,39.89626309,116.34442586,42.754638671875,3.7900925,6.71,265.0,
1788402509867,4097048579,647,504990,2097215,460,0,-75,-11,17,-1,39.89626309,116.34442586,42.754638671875,3.7900925,6.71,265.0,
1788402508979,4097048579,647,504990,2097215,460,0,-88,-12,2,-1,39.89627281,116.34458629,42.21832275390625,3.7900925,6.66,263.6,
1788402506970,4097048579,647,504990,2097215,460,0,-88,-12,2,-1,39.8962875,116.34473938,41.8787841796875,3.7900925,6.58,266.2,
1788402503953,4097048579,647,504990,2097215,460,0,-88,-12,2,-1,39.89630276,116.3449739,41.6160888671875,3.7900925,6.75,262.7,
1788402501162,4097048579,647,504990,2097215,460,0,-88,-12,2,-1,39.89631842,116.3451321,40.8109130859375,3.7900925,6.57,264.6,
1788402499862,4097048579,647,504990,2097215,460,0,-88,-12,2,-1,39.8963266,116.3452051,41.00030517578125,3.7900925,6.59,265.3,
1788402499148,4097048577,823,504990,2097215,460,0,-72,-11,16,-1,39.89633262,116.34528353,40.7236328125,3.7900925,6.83,267.0,
1788402497133,4097048577,823,504990,2097215,460,0,-72,-11,16,-1,39.89634488,116.34544054,40.52972412109375,3.7900925,6.56,266.1,
1788402495119,4097048577,823,504990,2097215,460,0,-72,-11,16,-1,39.89636297,116.34559807,40.6064453125,3.7900925,6.62,264.7,
1788402493105,4097048577,823,504990,2097215,460,0,-72,-11,16,-1,39.89637705,116.34574905,41.2882080078125,3.7900925,6.7,266.5,
1788402491092,4097048577,823,504990,2097215,460,0,-72,-11,16,-1,39.89639288,116.34590476,41.56005859375,3.7900925,6.76,262.3,
1788402489866,4097048577,823,504990,2097215,460,0,-72,-11,16,-1,39.8964026,116.34598207,41.5250244140625,3.7900925,6.48,262.8,
1788402489079,4097048577,823,504990,2097215,460,0,-73,-11,16,-1,39.89641252,116.34605594,41.2628173828125,3.7900925,6.19,259.0,
1788402487068,4097048577,823,504990,2097215,460,0,-73,-11,16,-1,39.89643045,116.34619781,41.27484130859375,3.7900925,5.94,256.7,
1788402485052,4097048577,823,504990,2097215,460,0,-73,-11,16,-1,39.89645105,116.34633101,40.83984375,3.7900925,5.86,258.6,
1788402483031,4097048577,823,504990,2097215,460,0,-73,-11,16,-1,39.8964726,116.34645783,40.95550537109375,3.7900925,5.41,262.3,
1788402481017,4097048577,823,504990,2097215,460,0,-73,-11,16,-1,39.89647751,116.34657792,41.18609619140625,3.7900925,5.15,284.9,
1788402479858,4097048577,823,504990,2097215,460,0,-73,-11,16,-1,39.89646524,116.34663199,41.5709228515625,3.7900925,5.01,296.4,
1788402479007,4097048577,823,504990,2097215,460,0,-89,-14,4,-1,39.89644753,116.3466785,41.529541015625,3.7900925,4.44,294.8,
1788402476994,4097048577,823,504990,2097215,460,0,-89,-14,4,-1,39.89641848,116.34675782,41.83782958984375,3.7900925,2.95,301.8,
1788402474980,4097048577,823,504990,2097215,460,0,-89,-14,4,-1,39.89639184,116.34680187,42.0279541015625,3.7900925,2.26,309.3,
1788402472974,4097048577,823,504990,2097215,460,0,-89,-14,4,-1,39.89637713,116.34681679,41.430908203125,3.7900925,0.67,319.6,
1788402469976,4097048577,823,504990,2097215,460,0,-89,-14,4,-1,39.89637713,116.34681679,41.430908203125,3.7900925,0.67,319.6,
1788402468952,4097048577,823,504990,2097215,460,0,-89,-14,4,-1,39.89637713,116.34681679,41.430908203125,3.7900925,0.67,319.6,
1788402467969,4097048578,81,504990,2097215,460,0,-72,-11,21,-1,39.89636881,116.34683296,41.30548095703125,3.7900925,1.7,333.6,
1788402464559,4097048578,81,504990,2097215,460,0,-72,-11,21,-1,39.89629769,116.34684765,41.7999267578125,3.7900925,5.16,348.2,
1788402462002,4097048578,81,504990,2097215,460,0,-72,-11,21,-1,39.8961336,116.3468591,43.1871337890625,3.7900925,6.69,1.3,
1788402459169,4097048578,81,504990,2097215,460,0,-72,-11,21,-1,39.89600837,116.34686633,43.46173095703125,3.7900925,6.7,0.1,
1788402458860,4097048578,81,504990,2097215,460,0,-72,-11,21,-1,39.89600837,116.34686633,43.46173095703125,3.7900925,6.7,0.1,
1788402457159,5649547266,243,504990,2097215,460,0,-86,-12,4,-1,39.89588869,116.34686886,43.0626220703125,3.7900925,6.66,358.9,
1788402455136,5649547266,243,504990,2097215,460,0,-86,-12,4,-1,39.89577115,116.34687247,42.11273193359375,3.7900925,6.72,357.0,
1788402453122,5649547266,243,504990,2097215,460,0,-86,-12,4,-1,39.89565845,116.34687957,40.84613037109375,3.7900925,6.73,357.0,
1788402451106,5649547266,243,504990,2097215,460,0,-86,-12,4,-1,39.8955414,116.34688935,41.16326904296875,3.7900925,6.64,3.3,
1788402449089,5649547266,243,504990,2097215,460,0,-86,-12,4,-1,39.89542039,116.34688741,41.4075927734375,3.7900925,6.65,358.5,
1788402448855,5649547266,243,504990,2097215,460,0,-86,-12,4,-1,39.89542039,116.34688741,41.4075927734375,3.7900925,6.65,358.5,
1788402447068,5649547266,243,504990,2097215,460,0,-75,-12,5,-1,39.89529879,116.34689654,41.45361328125,3.7900925,6.66,1.2,
1788402445050,5649547266,243,504990,2097215,460,0,-75,-12,5,-1,39.89517983,116.34689783,40.654541015625,3.7900925,6.68,356.2,
1788402443035,5649547266,243,504990,2097215,460,0,-75,-12,5,-1,39.89506258,116.34690158,40.094970703125,3.7900925,6.6,1.5,
1788402441021,5649547266,243,504990,2097215,460,0,-75,-12,5,-1,39.89494466,116.34687513,39.92926025390625,3.7900925,7.36,14.5,
1788402439011,5649547266,243,504990,2097215,460,0,-75,-12,5,-1,39.89481935,116.34685683,40.2001953125,3.7900925,5.8,5.0,
1788402438846,5649547266,243,504990,2097215,460,0,-75,-12,5,-1,39.89481935,116.34685683,40.2001953125,3.7900925,5.8,5.0,
1788402437000,5649547266,243,504990,2097215,460,0,-67,-11,31,-1,39.8947139,116.34684275,39.98095703125,3.7900925,6.15,357.4,
1788402434984,5649547266,243,504990,2097215,460,0,-67,-11,31,-1,39.89460012,116.34684125,40.35272216796875,3.7900925,6.63,2.0,
1788402432972,5649547266,243,504990,2097215,460,0,-67,-11,31,-1,39.89447424,116.34684288,40.5345458984375,3.7900925,6.7,355.8,
1788402430965,5649547266,243,504990,2097215,460,0,-67,-11,31,-1,39.89429588,116.34685366,40.92462158203125,3.7900925,6.7,355.5,
1788402428097,5649547266,243,504990,2097215,460,0,-67,-11,31,-1,39.89417387,116.34686767,40.96484375,3.7900925,6.73,354.1,
1788402427216,5649547266,243,504990,2097215,460,0,-66,-11,27,-1,39.8941134,116.34687224,40.89501953125,3.7900925,6.76,359.4,
1788402424706,5649547266,243,504990,2097215,460,0,-66,-11,27,-1,39.89393219,116.34686943,41.00390625,3.7900925,6.73,358.2,
1788402421981,5649547266,243,504990,2097215,460,0,-66,-11,27,-1,39.89374621,116.34687735,41.032470703125,3.7900925,6.83,358.1,
1788402418982,5649547266,243,504990,2097215,460,0,-66,-11,27,-1,39.89355931,116.34689311,41.22967529296875,3.7900925,6.69,356.1,
1788402418058,5649547266,243,504990,2097215,460,0,-66,-11,27,-1,39.89355931,116.34689311,41.22967529296875,3.7900925,6.69,356.1,
1788402416151,5649547268,489,504990,2097215,460,0,-75,-11,8,-1,39.89343793,116.34690564,40.94708251953125,3.7900925,6.85,357.7,
1788402413994,5649547268,489,504990,2097215,460,0,-75,-11,8,-1,39.89325321,116.34691441,41.2132568359375,3.7900925,6.74,1.8,
1788402410968,5649547268,489,504990,2097215,460,0,-75,-11,8,-1,39.89307338,116.34691621,41.464599609375,3.7900925,6.6,358.2,
1788402408028,5649547268,489,504990,2097215,460,0,-75,-11,8,-1,39.89295366,116.34691808,41.44342041015625,3.7900925,6.77,359.4,
1788402407875,5649547268,489,504990,2097215,460,0,-75,-11,8,-1,39.89295366,116.34691808,41.44342041015625,3.7900925,6.77,359.4,
1788402406020,5649547268,489,504990,2097215,460,0,-58,-11,29,-1,39.89282987,116.34692315,41.61785888671875,3.7900925,6.69,358.4,
1788402404009,5649547268,489,504990,2097215,460,0,-58,-11,29,-1,39.89270884,116.34692359,41.564453125,3.7900925,6.66,355.9,
1788402401994,5649547268,489,504990,2097215,460,0,-58,-11,29,-1,39.89258891,116.34693753,41.6571044921875,3.7900925,6.73,359.7,
1788402399983,5649547268,489,504990,2097215,460,0,-58,-11,29,-1,39.89240581,116.34693651,41.7138671875,3.7900925,6.69,2.4,
1788402397974,5649547268,489,504990,2097215,460,0,-58,-11,29,-1,39.89228238,116.34693872,41.17156982421875,3.7900925,6.67,356.2,
1788402397108,5649547268,489,504990,2097215,460,0,-58,-11,29,-1,39.89228238,116.34693872,41.17156982421875,3.7900925,6.67,356.2,
1788402395351,5649547268,489,504990,2097215,460,0,-50,-11,29,-1,39.89216489,116.34694605,40.58917236328125,3.7900925,6.78,357.4,
1788402392956,5649547268,489,504990,2097215,460,0,-50,-11,29,-1,39.89198656,116.3469548,40.12835693359375,3.7900925,6.64,359.6,
1788402389742,5649547268,489,504990,2097215,460,0,-50,-11,29,-1,39.89181035,116.34695689,40.23504638671875,3.7900925,6.73,0.2,
1788402387722,5649547268,489,504990,2097215,460,0,-50,-11,29,-1,39.89168887,116.34695922,39.7901611328125,3.7900925,6.67,356.3,
1788402386861,5649547268,489,504990,2097215,460,0,-50,-11,29,-1,39.89168887,116.34695922,39.7901611328125,3.7900925,6.67,356.3,
1788402385703,5649547267,200,504990,2097215,460,0,-69,-14,-6,-1,39.89156822,116.34697911,40.08984375,3.7900925,6.57,0.2,
1788402383690,5649547267,200,504990,2097215,460,0,-69,-14,-6,-1,39.89144679,116.34698099,39.9539794921875,3.7900925,6.69,5.8,
1788402381673,5649547267,200,504990,2097215,460,0,-69,-14,-6,-1,39.89132443,116.34697138,40.12054443359375,3.7900925,6.77,1.2,
1788402379662,5649547267,200,504990,2097215,460,0,-69,-14,-6,-1,39.89120602,116.34698509,40.34246826171875,3.7900925,6.48,353.7,
1788402377653,5649547267,200,504990,2097215,460,0,-69,-14,-6,-1,39.89109214,116.34697923,40.275390625,3.7900925,6.14,24.1,
1788402376854,5649547267,200,504990,2097215,460,0,-69,-14,-6,-1,39.89109214,116.34697923,40.275390625,3.7900925,6.14,24.1,
1788402375638,5649547267,200,504990,2097215,460,0,-66,-11,26,-1,39.89100693,116.34688854,40.289794921875,3.7900925,5.84,67.6,
1788402373626,5649547267,200,504990,2097215,460,0,-66,-11,26,-1,39.89098845,116.34675856,40.07489013671875,3.7900925,6.19,87.0,
1788402371593,5649547267,200,504990,2097215,460,0,-66,-11,26,-1,39.89098605,116.34660597,40.27362060546875,3.7900925,6.7,87.8,
1788402369575,5649547267,200,504990,2097215,460,0,-66,-11,26,-1,39.89098339,116.34645218,39.4122314453125,3.7900925,6.65,87.3,
1788402367561,5649547267,200,504990,2097215,460,0,-66,-11,26,-1,39.89098193,116.34629369,39.4595947265625,3.7900925,6.72,89.6,
1788402365863,5649547267,200,504990,2097215,460,0,-66,-11,26,-1,39.89098209,116.34621449,39.41180419921875,3.7900925,6.7,85.7,
1788402365544,5649547267,200,504990,2097215,460,0,-75,-11,17,-1,39.89097974,116.34613449,39.16998291015625,3.7900925,6.72,86.8,
1788402363523,5649547267,200,504990,2097215,460,0,-75,-11,17,-1,39.89097283,116.34597568,39.3192138671875,3.7900925,6.7,88.9,
1788402361079,5649547267,200,504990,2097215,460,0,-75,-11,17,-1,39.89096684,116.34581842,39.32958984375,3.7900925,6.69,90.2,
1788402359067,5649547267,200,504990,2097215,460,0,-75,-11,17,-1,39.89096498,116.34566174,39.40362548828125,3.7900925,6.74,88.7,
1788402357051,5649547267,200,504990,2097215,460,0,-75,-11,17,-1,39.89095562,116.34550588,39.33258056640625,3.7900925,6.67,88.3,
1788402355167,5649547267,200,504990,2097215,460,0,-75,-11,17,-1,39.89095088,116.34535586,39.27093505859375,3.7900925,6.69,90.6,
1788402354984,4099850242,305,504990,2097215,460,0,-64,-12,12,-1,39.8909516,116.34527798,39.1905517578125,3.7900925,6.75,88.7,
1788402352031,4099850242,305,504990,2097215,460,0,-64,-12,12,-1,39.89094712,116.34511947,38.9775390625,3.7900925,6.8,87.9,
1788402350016,4099850242,305,504990,2097215,460,0,-64,-12,12,-1,39.89094428,116.34495935,39.2132568359375,3.7900925,6.83,88.7,
1788402348002,4099850242,305,504990,2097215,460,0,-64,-12,12,-1,39.89093683,116.34480335,39.0772705078125,3.7900925,6.75,88.2,
1788402345993,4099850242,305,504990,2097215,460,0,-64,-12,12,-1,39.89093336,116.34456947,39.7684326171875,3.7900925,6.76,86.8,
1788402344102,4099850242,305,504990,2097215,460,0,-64,-12,12,-1,39.89093251,116.34449152,39.77056884765625,3.7900925,6.77,90.0,
1788402343972,4099850241,6,504990,2097215,460,0,-47,-11,35,-1,39.89093264,116.34441455,39.92926025390625,3.7900925,6.65,91.4,
1788402341554,4099850241,6,504990,2097215,460,0,-47,-11,35,-1,39.89095373,116.34426084,40.54638671875,3.7900925,6.48,117.4,
1788402338956,4099850241,6,504990,2097215,460,0,-47,-11,35,-1,39.89105614,116.34409178,41.0733642578125,3.936881,6.09,138.2,
1788402335962,4099850241,6,504990,2097215,460,0,-47,-11,35,-1,39.8912035,116.34400991,41.03265380859375,4.3541803,6.27,172.6,
1788402334088,4099850241,6,504990,2097215,460,0,-47,-11,35,-1,39.89125874,116.34399871,41.2542724609375,4.176458,6.23,172.4,
1788402333194,4099850241,6,504990,2097215,460,0,-71,-11,15,-1,39.89131503,116.34399144,41.10064697265625,4.005265,6.37,172.9,
1788402328985,4099850241,6,504990,2097215,460,0,-71,-11,15,-1,39.89154885,116.34396673,40.7027587890625,3.7900925,6.77,174.4,
1788402326964,4099850241,6,504990,2097215,460,0,-71,-11,15,-1,39.89173071,116.34394287,40.63226318359375,3.7900925,6.85,179.4,
1788402324091,4099850241,6,504990,2097215,460,0,-71,-11,15,-1,39.8918534,116.34393187,40.413330078125,3.7900925,6.85,176.5,
1788402323980,4099850241,6,504990,2097215,460,0,-74,-11,23,-1,39.8919133,116.34392859,40.09619140625,3.7900925,6.82,175.5,
1788402321543,4099850241,6,504990,2097215,460,0,-74,-11,23,-1,39.89203657,116.34391708,40.05059814453125,3.7900925,6.78,176.3,
1788402319528,4099850241,6,504990,2097215,460,0,-74,-11,23,-1,39.89215638,116.3439107,39.8616943359375,3.7900925,6.78,173.4,
1788402317514,4099850241,6,504990,2097215,460,0,-74,-11,23,-1,39.89228162,116.34389478,39.0870361328125,3.7900925,6.81,175.3,
1788402315503,4099850241,6,504990,2097215,460,0,-74,-11,23,-1,39.89239982,116.34389118,38.9232177734375,3.7900925,6.43,175.4,
1788402313077,4099850241,6,504990,2097215,460,0,-74,-11,23,-1,39.89251353,116.3438842,38.60101318359375,3.7900925,5.85,175.6,
1788402313077,4099850241,6,504990,2097215,460,0,-74,-11,23,-1,39.89251353,116.3438842,38.60101318359375,3.7900925,5.85,175.6,
1788402310962,4099850241,6,504990,2097215,460,0,-74,-11,14,-1,39.89266067,116.34387703,38.21502685546875,3.7900925,4.48,175.9,
1788402308124,4099850241,6,504990,2097215,460,0,-74,-11,14,-1,39.89273371,116.34387219,38.34368896484375,3.7900925,3.61,173.9,
1788402306106,4099850241,6,504990,2097215,460,0,-74,-11,14,-1,39.89278416,116.34386441,38.6197509765625,3.7900925,1.94,168.3,
1788402304091,4099850241,6,504990,2097215,460,0,-74,-11,14,-1,39.89280292,116.3438635,38.76385498046875,3.7900925,0.44,195.9,
1788402302080,4099850241,6,504990,2097215,460,0,-74,-11,14,-1,39.89280817,116.34386444,38.74267578125,3.7900925,0.47,150.2,
1788402301866,4099850241,6,504990,2097215,460,0,-74,-11,14,-1,39.89280817,116.34386444,38.74267578125,3.7900925,0.47,150.2,
1788402288000,4099850241,6,504990,2097215,460,0,-76,-11,20,-1,39.89281421,116.34386391,38.05499267578125,3.7900925,0.0,0.0,
1788402285989,4099850241,6,504990,2097215,460,0,-76,-11,20,-1,39.89281421,116.34386391,38.05499267578125,3.7900925,0.0,0.0,
1788402283963,4099850241,6,504990,2097215,460,0,-76,-11,20,-1,39.89281421,116.34386391,38.05499267578125,3.7900925,0.0,0.0,
1788402281956,4099850241,6,504990,2097215,460,0,-76,-11,20,-1,39.89281421,116.34386391,38.05499267578125,3.7900925,0.0,0.0,
1788402281861,4099850241,6,504990,2097215,460,0,-76,-11,20,-1,39.89281421,116.34386391,38.05499267578125,3.7900925,0.0,0.0,
1788402279943,4099850241,6,504990,2097215,460,0,-67,-11,22,-1,39.89281421,116.34386391,38.05499267578125,3.7900925,0.0,0.0,
1788402277927,4099850241,6,504990,2097215,460,0,-67,-11,22,-1,39.89281042,116.34386023,37.60797119140625,3.7900925,0.69,176.8,
1788402275910,4099850241,6,504990,2097215,460,0,-67,-11,22,-1,39.89281042,116.34386023,37.60797119140625,3.7900925,0.69,176.8,
1788402273903,4099850241,6,504990,2097215,460,0,-67,-11,22,-1,39.89281042,116.34386023,37.60797119140625,3.7900925,0.69,176.8,
1788402267871,4099850241,6,504990,2097215,460,0,-70,-11,17,-1,39.89280585,116.34386179,38.1734619140625,3.7900925,0.0,0.0,
1788402267824,4099850241,6,504990,2097215,460,0,-79,-12,12,-1,39.89280585,116.34386179,38.1734619140625,3.7900925,0.0,0.0,
1788402267689,4099850241,6,504990,2097215,460,0,-79,-12,12,-1,39.89280585,116.34386179,38.1734619140625,3.7900925,0.0,0.0,
1788402265865,4099850241,6,504990,2097215,460,0,-79,-12,12,-1,39.89280585,116.34386179,38.1734619140625,3.7900925,0.0,0.0,
1788402265681,4099850241,6,504990,2097215,460,0,-79,-12,12,-1,39.89280585,116.34386179,38.1734619140625,3.7900925,0.0,0.0,
1788402265144,4099850241,6,504990,2097215,460,0,-79,-12,12,-1,39.89280585,116.34386179,38.1734619140625,3.7900925,0.0,0.0,
1788402263677,4099850241,6,504990,2097215,460,0,-77,-11,14,-1,39.89281255,116.34385964,37.690673828125,3.7900925,0.83,172.1,
1788402263122,4099850241,6,504990,2097215,460,0,-77,-11,14,-1,39.89281255,116.34385964,37.690673828125,3.7900925,0.83,172.1,
1788402261671,4099850241,6,504990,2097215,460,0,-81,-11,15,-1,39.89281255,116.34385964,37.690673828125,3.7900925,0.83,172.1,
1788402259459,4099850241,6,504990,2097215,460,0,-81,-11,15,-1,39.89281778,116.34386124,37.87451171875,3.7900925,2.13,173.2,
1788402256980,4099850241,6,504990,2097215,460,0,-81,-11,15,-1,39.89286988,116.34385755,38.598876953125,3.7900925,5.0,166.1,
1788402256886,4099850241,6,504990,2097215,460,0,-81,-11,15,-1,39.89291465,116.34385201,38.68505859375,3.7900925,5.7,166.1,
1788402254339,4099850241,6,504990,2097215,460,0,-81,-11,15,-1,39.89301871,116.34384207,38.7109375,3.7900925,5.92,168.4,
1788402251955,4099850241,6,504990,2097215,460,0,-81,-11,15,-1,39.8931862,116.34382901,38.005126953125,3.7900925,6.37,167.5,
1788402248371,4099850241,6,504990,2097215,460,0,-81,-11,15,-1,39.89336206,116.34381483,38.09661865234375,3.7900925,6.77,170.3,
1788402246860,4099850241,6,504990,2097215,460,0,-81,-11,15,-1,39.89342044,116.34380867,38.28399658203125,3.7900925,6.83,167.9,
1788402244345,4099850241,6,504990,2097215,460,0,-86,-12,7,-1,39.8936006,116.34379998,38.16363525390625,3.7900925,6.26,169.3,
1788402242325,4099850241,6,504990,2097215,460,0,-86,-12,7,-1,39.89371614,116.34379144,38.31103515625,3.7900925,6.64,171.7,
1788402239976,4099850241,6,504990,2097215,460,0,-86,-12,7,-1,39.89383349,116.3437869,38.2530517578125,3.7900925,6.84,171.0,
1788402237966,4099850241,6,504990,2097215,460,0,-86,-12,7,-1,39.89395766,116.34378278,37.5562744140625,3.7900925,7.2,173.0,
1788402236296,4099850241,6,504990,2097215,460,0,-86,-12,7,-1,39.89408532,116.34378076,37.32305908203125,3.7900925,7.22,177.7,
1788402235960,4097097730,199,504990,2097215,460,0,-79,-11,13,-1,39.89408532,116.34378076,37.32305908203125,3.7900925,7.22,177.7,
1788402233369,4097097730,199,504990,2097215,460,0,-79,-11,13,-1,39.89427633,116.34377066,37.37139892578125,3.7900925,6.7,179.4,
1788402230938,4097097730,199,504990,2097215,460,0,-79,-11,13,-1,39.89444206,116.34377807,36.4864501953125,3.7900925,5.39,191.0,
1788402227990,4097097730,199,504990,2097215,460,0,-79,-11,13,-1,39.89458476,116.34381243,35.67669677734375,3.7900925,6.05,183.8,
1788402226118,4097097730,199,504990,2097215,460,0,-79,-11,13,-1,39.89463521,116.34381937,36.30133056640625,3.7900925,5.26,182.8,
1788402224853,4097097730,199,504990,2097215,460,0,-79,-11,14,-1,39.89467791,116.34382656,36.46087646484375,3.7900925,4.31,184.5,
1788402222352,4097097730,199,504990,2097215,460,0,-79,-11,14,-1,39.89477353,116.34384482,34.743896484375,3.8733685,1.5,206.0,
1788402220344,4097097730,199,504990,2097215,460,0,-79,-11,14,-1,39.89479178,116.34386032,34.76708984375,3.7900925,0.25,191.1,
1788402218335,4097097730,199,504990,2097215,460,0,-79,-11,14,-1,39.89479558,116.3438655,34.616455078125,3.7900925,0.21,212.6,
1788402216324,4097097730,199,504990,2097215,460,0,-79,-11,14,-1,39.89480058,116.34387077,34.22015380859375,3.7900925,0.92,265.2,
1788402216117,4097097730,199,504990,2097215,460,0,-79,-11,14,-1,39.89480058,116.34387077,34.22015380859375,3.7900925,0.92,265.2,
1788402213977,4097097730,199,504990,2097215,460,0,-76,-11,12,-1,39.89479813,116.34389848,32.75518798828125,3.7900925,1.58,199.2,
1788402210963,4097097730,199,504990,2097215,460,0,-76,-11,12,-1,39.89481761,116.34387635,34.69122314453125,3.7900925,0.81,255.7,
1788402207959,4097097730,199,504990,2097215,460,0,-76,-11,12,-1,39.89483263,116.34388902,37.12567138671875,4.183667,1.27,210.4,
1788402206112,4097097730,199,504990,2097215,460,0,-76,-11,12,-1,39.89484391,116.34389734,36.89874267578125,4.4132905,1.49,199.7,
1788402204889,4097097730,199,504990,2097215,460,0,-59,-11,18,-1,39.89485646,116.34390343,36.82708740234375,4.449962,1.25,232.4,
1788402202007,4097097730,199,504990,2097215,460,0,-59,-11,18,-1,39.89488174,116.34395282,38.16143798828125,4.0242133,1.2,223.0,
1788402198965,4097097730,199,504990,2097215,460,0,-59,-11,18,-1,39.89490602,116.34398795,39.8719482421875,3.7900925,1.23,236.1,
1788402195954,4097097730,199,504990,2097215,460,0,-59,-11,18,-1,39.89492228,116.34403037,39.06390380859375,3.7900925,1.18,257.4,
1788402195065,4097097730,199,504990,2097215,460,0,-59,-11,18,-1,39.89492228,116.34403037,39.06390380859375,3.7900925,1.18,257.4,
1788402192982,4097097730,199,504990,2097215,460,0,-67,-11,15,-1,39.89492498,116.34407479,38.2552490234375,3.7900925,1.21,276.0,
1788402190961,4097097730,199,504990,2097215,460,0,-67,-11,15,-1,39.89492521,116.344103,38.60205078125,3.7900925,1.0,268.0,
1788402188009,4097097730,199,504990,2097215,460,0,-67,-11,15,-1,39.89492806,116.34413872,38.415771484375,3.7900925,1.28,268.0,
1788402184855,4097097730,199,504990,2097215,460,0,-67,-11,15,-1,39.89492864,116.3441701,38.17242431640625,3.7900925,0.98,267.2,
1788402184710,4097097730,199,504990,2097215,460,0,-81,-11,13,-1,39.89492833,116.34418372,38.84307861328125,3.7900925,1.15,261.5,
1788402181966,4097097730,199,504990,2097215,460,0,-81,-11,13,-1,39.89492717,116.34423193,39.39874267578125,3.7900925,1.42,249.9,
1788402179347,4097097730,199,504990,2097215,460,0,-81,-11,13,-1,39.89493287,116.34426993,39.57086181640625,3.7900925,1.41,255.0,
1788402177334,4097097730,199,504990,2097215,460,0,-81,-11,13,-1,39.89493209,116.34430715,39.80633544921875,3.7900925,1.45,257.9,
1788402174835,4097097730,199,504990,2097215,460,0,-81,-11,13,-1,39.89493403,116.34434355,40.54449462890625,3.7900925,1.47,240.3,
1788402174718,4097097730,199,504990,2097215,460,0,-81,-11,13,-1,39.89494099,116.34436038,40.0025634765625,3.7900925,1.44,230.8,
1788402172819,4097097730,199,504990,2097215,460,0,-74,-11,8,-1,39.89494917,116.34437533,39.13458251953125,3.7900925,1.46,228.1,
1788402170801,4097097730,199,504990,2097215,460,0,-74,-11,8,-1,39.89497149,116.34442328,39.2686767578125,3.7900925,1.52,236.2,
1788402168781,4097097730,199,504990,2097215,460,0,-74,-11,8,-1,39.89498338,116.34445663,41.03411865234375,3.7900925,1.42,214.5,
1788402166764,4097097730,199,504990,2097215,460,0,-74,-11,8,-1,39.89500827,116.3444854,41.0377197265625,3.7900925,1.46,187.6,
1788402164757,4097097730,199,504990,2097215,460,0,-74,-11,8,-1,39.89503956,116.34450727,39.9268798828125,3.7900925,1.49,189.4,
1788402164702,4097097730,199,504990,2097215,460,0,-74,-11,8,-1,39.89503956,116.34450727,39.9268798828125,3.7900925,1.49,189.4,
1788402162750,4097097730,199,504990,2097215,460,0,-71,-11,17,-1,39.89507102,116.34452867,39.00616455078125,3.7900925,1.47,188.8,
1788402161166,4097097730,199,504990,2097215,460,0,-71,-11,17,-1,39.89508749,116.34453618,38.4217529296875,3.7900925,1.44,186.7,
1788402160745,4097097730,199,504990,2097215,460,0,-71,-11,17,-1,39.89510364,116.34454229,37.310302734375,3.7900925,1.41,190.2,
1788402158738,4097097730,199,504990,2097215,460,0,-71,-11,17,-1,39.89513333,116.34455906,36.67767333984375,3.7900925,1.41,179.7,
1788402158160,4097097730,199,504990,2097215,460,0,-71,-11,17,-1,39.89513333,116.34455906,36.67767333984375,3.7900925,1.41,179.7,
1788402156721,4097097730,199,504990,2097215,460,0,-71,-11,17,-1,39.89515962,116.34456145,36.02398681640625,3.7900925,1.31,171.6,
1788402154711,4097097730,199,504990,2097215,460,0,-71,-11,17,-1,39.8951819,116.34455435,35.50042724609375,3.7900925,0.81,160.2,
1788402154703,4097097730,199,504990,2097215,460,0,-71,-11,17,-1,39.8951819,116.34455435,35.50042724609375,3.7900925,0.81,160.2,
1788402152700,4109111297,747,504990,2097215,460,0,-83,-14,3,-1,39.8951965,116.34454108,36.0068359375,3.7900925,1.15,170.5,
1788402152152,4109111297,747,504990,2097215,460,0,-83,-14,3,-1,39.8951965,116.34454108,36.0068359375,3.7900925,1.15,170.5,
1788402150684,4109111297,747,504990,2097215,460,0,-83,-14,3,-1,39.89521187,116.3445357,36.48492431640625,3.7900925,1.52,179.4,
1788402148675,4109111297,747,504990,2097215,460,0,-83,-14,3,-1,39.89523409,116.34453605,37.9552001953125,4.46844,1.02,156.2,
1788402146668,4109111297,747,504990,2097215,460,0,-83,-14,3,-1,39.8952413,116.34448921,36.992431640625,5.5919905,1.24,157.3,
1788402146146,4109111297,747,504990,2097215,460,0,-83,-14,3,-1,39.8952413,116.34448921,36.992431640625,5.5919905,1.24,157.3,
1788402144724,4109111297,747,504990,2097215,460,0,-83,-14,3,-1,39.89527789,116.34449834,42.1112060546875,4.8881884,0.89,197.6,
1788402144687,4109111297,747,504990,2097215,460,0,-60,-11,21,-1,39.89527789,116.34449834,42.1112060546875,4.8881884,0.89,197.6,
1788402144681,4109111297,747,504990,2097215,460,0,-60,-11,21,-1,39.89527789,116.34449834,42.1112060546875,4.8881884,0.89,197.6,
